Lead ID,Lead Source,Lead Status,Date of Lead Generation,Date of Last Contact,Sales Amount,Region,Salesperson,Conversion Date,Lead Qualification,Course Type,Follow-up Status,Marketing Campaign,Lead Score,Student Type,
d57ca4ab-bef9-4e4c-8c94-3419a43fd6c7,Organic,Converted,05-05-2025,13-06-2025,4914,West,Priya,11-09-2025,Unqualified,Salesforce,No Follow-up,Google Ads Campaign,87,Student,
79f47ede-0eac-44d3-a839-db1460f381d4,Referral,Contacted,28-03-2025,07-02-2025,0,North,Mary,,Qualified,Data Analytics,No Follow-up,Organic Search,48,Student,
80194ef6-0215-4b39-b7f6-cae9e2f15e62,Organic,Converted,13-02-2025,24-09-2025,4571,East,John,04-04-2025,Unqualified,Salesforce,No Follow-up,Referral Program,61,Student,
a69e0f1f-e947-4785-9019-21417898987e,Social Media,Lost,05-09-2025,05-09-2025,0,East,Mary,,Qualified,Java Full Stack,Follow-up Scheduled,Organic Search,47,Student,
cab9ce19-a08c-4892-8555-a5416ad2f566,Social Media,Converted,29-05-2025,08-09-2025,2213,North,Mary,26-02-2025,Qualified,Power BI,Pending Follow-up,Facebook Ads,67,Working Professional,
17223d9b-1508-4acd-ad38-dbb87c54b6bd,Organic,Converted,01-09-2025,08-08-2025,3988,South,Raj,,Qualified,Power BI,No Follow-up,Organic Search,34,Student,
d1d9fa66-4f94-49ae-8dfe-818dbfbf0830,Google Ads,Converted,08-05-2025,26-06-2025,4796,East,Priya,16-10-2025,Unqualified,Java Full Stack,Pending Follow-up,Referral Program,94,Fresher,
a35ff586-68bf-4b9c-bb05-ffb956f2b431,Google Ads,Converted,12-07-2025,27-08-2025,4181,East,Raj,06-07-2025,Qualified,Power BI,No Follow-up,Google Ads Campaign,91,Fresher,
27903ba1-5fa8-4c4a-bba6-c8eccbfcd434,Organic,Contacted,20-09-2025,01-04-2025,0,North,John,,Unqualified,Java Full Stack,Pending Follow-up,Referral Program,64,Working Professional,
4a02e573-ba1e-488a-a98b-6e4bb96f9a2e,Google Ads,Converted,07-05-2025,15-02-2025,4750,North,Mary,11-03-2025,Qualified,Salesforce,No Follow-up,Organic Search,68,Fresher,
8a95c023-79ed-4047-871e-32a7f72ddbb6,Google Ads,Lost,05-01-2025,05-01-2025,0,West,Mary,,Unqualified,Java Full Stack,Contacted,Organic Search,61,Working Professional,
637b6ccc-1899-4137-923f-4dae20dc8271,Google Ads,Converted,10-02-2025,29-09-2025,4541,West,Priya,19-03-2025,Qualified,Power BI,No Follow-up,Facebook Ads,92,Student,
45ea686a-55ab-4099-a480-d0c6286c840c,Referral,Contacted,12-05-2025,27-05-2025,0,West,Raj,,Qualified,Java Full Stack,Pending Follow-up,Facebook Ads,39,Working Professional,
925c2a72-d106-4514-855f-c297e37c4618,Google Ads,Converted,12-03-2025,26-02-2025,2848,West,John,02-10-2025,Qualified,Data Analytics,Follow-up Scheduled,Referral Program,32,Student,
ab43ea01-a76b-4f64-9386-401ebc9be09c,Referral,Lost,11-07-2025,11-07-2025,0,South,Mary,,Qualified,Salesforce,Contacted,Organic Search,74,Student,
5c1b41dc-938e-48c5-9af9-9b2cfc8f5bd8,Google Ads,Converted,21-06-2025,12-09-2025,2902,South,Raj,24-05-2025,Qualified,Java Full Stack,Follow-up Scheduled,Facebook Ads,57,Student,
2fcd2ca3-22a1-452b-8dea-e27db50cbe8d,Organic,Converted,04-10-2025,31-01-2025,3558,East,Mary,27-06-2025,Qualified,Data Analytics,Pending Follow-up,Google Ads Campaign,89,Working Professional,
16717535-223d-45d6-9dc3-a6c7159ddc52,Referral,Contacted,08-03-2025,27-05-2025,0,West,John,,Qualified,Power BI,No Follow-up,Organic Search,74,Working Professional,
07deb324-275c-4cea-9e54-28d8c965b7b4,Referral,Lost,21-01-2025,21-01-2025,0,South,Raj,,Unqualified,Power BI,Contacted,Google Ads Campaign,94,Student,
ba306618-0d96-4070-b3be-9aa0d34034bb,Organic,Contacted,06-04-2025,06-07-2025,0,South,John,,Qualified,Salesforce,Pending Follow-up,Referral Program,32,Fresher,
4e8de92a-5f74-4e06-9852-5ef25d10f823,Google Ads,Lost,16-06-2025,16-06-2025,0,East,Raj,,Unqualified,Power BI,Follow-up Scheduled,Google Ads Campaign,59,Student,
870eb38e-4632-4b34-baf7-f1dba0f5ba40,Google Ads,Lost,15-08-2025,15-08-2025,0,West,John,,Qualified,Data Analytics,Contacted,Organic Search,60,Working Professional,
0d067572-b58c-404f-87c4-f4ee3d79d912,Organic,Lost,10-03-2025,10-03-2025,0,South,John,,Unqualified,Data Analytics,Follow-up Scheduled,Referral Program,49,Working Professional,
dfcf1a4a-a238-499e-b218-85ef582975c8,Referral,Lost,06-08-2025,06-08-2025,0,West,John,,Qualified,Salesforce,No Follow-up,Facebook Ads,32,Fresher,
68bcad20-a634-45b6-8836-da35c714d8c5,Social Media,Lost,16-06-2025,16-06-2025,0,West,Priya,,Qualified,Data Analytics,Contacted,Organic Search,48,Working Professional,
85ee12bb-f69b-4d5e-9fcf-3db043f0e5f8,Referral,Lost,19-04-2025,19-04-2025,0,North,John,,Unqualified,Power BI,Pending Follow-up,Referral Program,40,Working Professional,
3a1e2b5c-e203-4ab0-8fa2-eaec4d54ff4d,Referral,Lost,02-03-2025,02-03-2025,0,South,Raj,,Qualified,Java Full Stack,Contacted,Referral Program,37,Student,
adb6d733-bc2c-4ae4-b3a9-761e417b991c,Organic,Contacted,01-01-2025,15-01-2025,0,West,Priya,,Qualified,Data Analytics,Follow-up Scheduled,Google Ads Campaign,61,Fresher,
1c06b221-7c3c-4f16-a2bc-d02f7c8489d9,Social Media,Converted,15-07-2025,26-05-2025,2563,West,John,02-01-2025,Qualified,Power BI,Contacted,Facebook Ads,58,Fresher,
998b91c1-c100-450c-9310-aa3004b6460e,Google Ads,Lost,27-04-2025,27-04-2025,0,East,John,,Unqualified,Data Analytics,Follow-up Scheduled,Referral Program,47,Working Professional,
a1dfefc7-92c0-4d36-9885-08b2a10f7e1e,Google Ads,Contacted,31-01-2025,01-03-2025,0,South,Raj,,Unqualified,Data Analytics,Pending Follow-up,Referral Program,65,Student,
fe50a7ea-6cca-42e4-b647-31dbdab7d2fb,Google Ads,Lost,23-02-2025,23-02-2025,0,South,Priya,,Qualified,Salesforce,No Follow-up,Referral Program,43,Working Professional,
a6996a07-e1ad-4762-aa3c-df55302c7d87,Organic,Contacted,27-05-2025,03-06-2025,0,North,Mary,,Unqualified,Data Analytics,Follow-up Scheduled,Facebook Ads,46,Fresher,
55bf4cd9-c9c6-4166-9169-f986472dbc4c,Organic,Contacted,29-06-2025,03-06-2025,0,South,Raj,,Qualified,Data Analytics,Pending Follow-up,Organic Search,87,Working Professional,
c23ee322-c34a-491f-8891-f5b58487b610,Referral,Lost,14-04-2025,14-04-2025,0,West,Mary,,Unqualified,Salesforce,No Follow-up,Organic Search,76,Working Professional,
e39ef79c-63c4-4e3f-ba5a-a820d16bf0e3,Google Ads,Lost,14-07-2025,14-07-2025,0,North,Priya,,Qualified,Data Analytics,Pending Follow-up,Referral Program,37,Fresher,
43f4f7da-408e-4f96-be2c-29a1d38dae68,Organic,Lost,20-04-2025,20-04-2025,0,West,Raj,,Qualified,Data Analytics,No Follow-up,Google Ads Campaign,30,Working Professional,
80101274-0dc7-46ad-8857-e701c6e7f6d3,Google Ads,Converted,30-03-2025,22-02-2025,4189,East,John,16-06-2025,Qualified,Salesforce,Follow-up Scheduled,Organic Search,32,Student,
12d8154e-b1c4-4767-a6b2-2932c6d802df,Google Ads,Contacted,17-05-2025,22-04-2025,0,North,Mary,,Qualified,Salesforce,Contacted,Facebook Ads,52,Student,
6a662f27-2c8f-4d8c-9785-17394ea6efe4,Referral,Converted,22-07-2025,29-08-2025,2415,South,John,20-07-2025,Qualified,Salesforce,Contacted,Google Ads Campaign,78,Student,
cbf4cf40-dff7-44df-8713-eb884c47caca,Google Ads,Contacted,14-09-2025,14-05-2025,0,West,Mary,,Qualified,Java Full Stack,Contacted,Organic Search,36,Working Professional,
c7ac3517-0126-4909-af65-b91f97e5cfda,Google Ads,Converted,23-02-2025,22-08-2025,3203,West,Priya,20-01-2025,Qualified,Java Full Stack,Pending Follow-up,Referral Program,60,Student,
886be686-c07e-4d99-ae0b-9f94f6e389a9,Google Ads,Converted,15-02-2025,05-10-2025,2805,North,Mary,13-10-2025,Unqualified,Java Full Stack,Contacted,Facebook Ads,58,Working Professional,
23a25991-72c8-4d55-af07-1774dbd8c21b,Referral,Contacted,30-06-2025,16-05-2025,0,East,Priya,,Unqualified,Salesforce,Pending Follow-up,Google Ads Campaign,92,Student,
b0caafb3-76c6-4514-9cfe-7e2f8d80933a,Google Ads,Lost,03-08-2025,03-08-2025,0,West,Priya,,Unqualified,Salesforce,Contacted,Google Ads Campaign,65,Working Professional,
16094d1c-2e6d-43d4-8cf7-2c52e1285919,Organic,Converted,08-10-2025,11-10-2025,2134,West,John,08-02-2025,Qualified,Salesforce,No Follow-up,Referral Program,42,Working Professional,
1482e109-1e6a-48db-8707-2fcd8f427793,Referral,Lost,17-01-2025,17-01-2025,0,West,Raj,,Unqualified,Java Full Stack,No Follow-up,Organic Search,44,Working Professional,
9219eabd-7b78-4645-880d-fbafb443ac55,Social Media,Lost,17-07-2025,17-07-2025,0,West,Priya,,Unqualified,Java Full Stack,Pending Follow-up,Organic Search,86,Fresher,
9e148d4d-ea37-452e-b5e2-85ae1b16a420,Google Ads,Converted,27-09-2025,22-05-2025,4113,East,Mary,14-05-2025,Qualified,Java Full Stack,No Follow-up,Facebook Ads,55,Fresher,
cf448f88-ed59-47c6-8926-1c2a2d2c3a13,Organic,Lost,27-07-2025,27-07-2025,0,East,Priya,,Qualified,Power BI,Follow-up Scheduled,Facebook Ads,62,Fresher,
d21f1d48-10b4-4e89-b0b3-08e67fd35c6f,Social Media,Lost,09-03-2025,09-03-2025,0,North,Raj,,Unqualified,Java Full Stack,No Follow-up,Organic Search,49,Student,
69a606ca-1c54-48f9-b484-5940df172664,Social Media,Lost,22-04-2025,22-04-2025,0,East,Raj,,Qualified,Java Full Stack,No Follow-up,Facebook Ads,30,Fresher,
21750b16-569a-4a21-9c20-23f230b6cab9,Social Media,Converted,02-06-2025,14-03-2025,2779,East,Raj,01-08-2025,Unqualified,Power BI,Contacted,Referral Program,80,Working Professional,
655b8e46-abf3-47a2-b0e8-1974bfa0cb02,Referral,Contacted,28-08-2025,24-04-2025,0,North,Raj,,Qualified,Data Analytics,Follow-up Scheduled,Facebook Ads,59,Student,
91325f64-8965-488d-b307-e01998f8a723,Referral,Contacted,06-04-2025,01-05-2025,0,South,Priya,,Qualified,Salesforce,Pending Follow-up,Referral Program,63,Student,
878ab0bd-5fcb-4779-bd2d-f527ef47315d,Organic,Lost,04-04-2025,04-04-2025,0,West,Mary,,Qualified,Salesforce,Contacted,Referral Program,31,Fresher,
54861c50-cdf2-42d5-8f15-6dd4a023f6c2,Referral,Lost,04-01-2025,04-01-2025,0,East,John,,Unqualified,Salesforce,Follow-up Scheduled,Facebook Ads,69,Student,
043b72a6-2570-48ac-8bbb-655d9cbd44e7,Google Ads,Contacted,12-08-2025,28-06-2025,0,South,Mary,,Qualified,Salesforce,No Follow-up,Google Ads Campaign,56,Fresher,
9cfb4a86-c47c-4975-9770-e6a64d9c5f6d,Organic,Contacted,20-05-2025,27-07-2025,0,East,Mary,,Qualified,Power BI,Contacted,Referral Program,63,Working Professional,
aae1c40a-c302-4172-9fcf-fb3d84cb0f0e,Google Ads,Converted,30-06-2025,12-06-2025,2956,East,John,09-06-2025,Qualified,Power BI,No Follow-up,Organic Search,83,Fresher,
ad74c29d-3eb7-49a8-9e7f-8520ff687652,Google Ads,Contacted,04-02-2025,15-03-2025,0,West,Raj,,Unqualified,Data Analytics,Follow-up Scheduled,Google Ads Campaign,92,Working Professional,
4dc4fb19-de5a-4836-8281-78fce399c272,Social Media,Contacted,26-02-2025,17-05-2025,0,West,Mary,,Qualified,Power BI,Contacted,Google Ads Campaign,55,Student,
e938c18a-8dc3-4b99-af02-0bb782fcda88,Social Media,Lost,22-05-2025,22-05-2025,0,South,John,,Qualified,Data Analytics,Contacted,Referral Program,92,Student,
652c758c-e34b-496e-9332-4ccb12fddd46,Referral,Lost,25-02-2025,25-02-2025,0,South,Mary,,Qualified,Power BI,Contacted,Organic Search,31,Working Professional,
80bb604b-e2e9-4f0d-9c93-a101a0214a34,Referral,Converted,07-01-2025,16-08-2025,2897,North,Priya,31-01-2025,Unqualified,Java Full Stack,Pending Follow-up,Google Ads Campaign,50,Working Professional,
993b073b-28dd-4822-8579-7403e3a36426,Social Media,Converted,21-05-2025,07-08-2025,2908,East,John,15-05-2025,Qualified,Salesforce,Follow-up Scheduled,Facebook Ads,35,Fresher,
bb6d181e-dfc0-4e52-a231-ac0ef933bade,Referral,Lost,01-01-2025,01-01-2025,0,East,Raj,,Unqualified,Salesforce,Contacted,Facebook Ads,94,Student,
430d90bf-713d-4baf-bdcf-314f3c78a3dd,Organic,Converted,17-01-2025,03-07-2025,4291,West,Mary,12-04-2025,Unqualified,Salesforce,No Follow-up,Google Ads Campaign,79,Fresher,
aeba8f18-da5b-4dd8-b9f7-2fecba854fa3,Referral,Lost,04-10-2025,04-10-2025,0,North,John,,Unqualified,Salesforce,Contacted,Google Ads Campaign,91,Fresher,
e51c44d0-1a83-4e77-a435-c5dcb5d18e25,Organic,Converted,06-07-2025,21-03-2025,2647,West,Raj,07-08-2025,Qualified,Data Analytics,No Follow-up,Facebook Ads,34,Working Professional,
afd62be3-a9be-4361-9c0a-b8b47f70a912,Social Media,Lost,24-08-2025,24-08-2025,0,North,Raj,,Unqualified,Power BI,No Follow-up,Facebook Ads,39,Working Professional,
94ccf203-d929-49c3-8fb1-e1272cd248a9,Referral,Lost,11-01-2025,11-01-2025,0,West,John,,Qualified,Java Full Stack,Contacted,Facebook Ads,35,Working Professional,
ee965f60-1817-4d71-a70e-8d70f58ca64e,Organic,Lost,27-01-2025,27-01-2025,0,East,Mary,,Unqualified,Power BI,Contacted,Referral Program,32,Working Professional,
9e0def5f-5720-4d91-a343-26dc254aeba0,Organic,Converted,26-01-2025,12-09-2025,4535,West,John,19-09-2025,Qualified,Salesforce,No Follow-up,Organic Search,35,Student,
4a8c4432-b948-432c-a785-d93772e0e3bb,Social Media,Converted,06-07-2025,12-10-2025,2087,West,Raj,25-07-2025,Qualified,Data Analytics,No Follow-up,Organic Search,50,Student,
71915817-634d-4328-9afd-3f9c98e4ed27,Social Media,Converted,15-02-2025,05-10-2025,4647,West,John,26-07-2025,Qualified,Data Analytics,Pending Follow-up,Referral Program,83,Fresher,
f9b48d99-2d14-46b4-a373-f096ef11df42,Referral,Lost,10-02-2025,10-02-2025,0,South,Raj,,Qualified,Power BI,Pending Follow-up,Organic Search,65,Student,
4e729bc1-1af1-4ec9-a3e5-1ad07bed1a1e,Social Media,Contacted,15-04-2025,11-06-2025,0,West,Priya,,Qualified,Java Full Stack,Pending Follow-up,Google Ads Campaign,32,Working Professional,
3f117def-c1ae-427a-8ebe-b1e7832f7c77,Referral,Lost,21-08-2025,21-08-2025,0,South,John,,Unqualified,Data Analytics,No Follow-up,Google Ads Campaign,71,Student,
b6749bf0-2cc4-4985-bf0c-f7b8d0f84314,Organic,Contacted,09-02-2025,11-06-2025,0,South,Mary,,Unqualified,Java Full Stack,No Follow-up,Facebook Ads,41,Working Professional,
906494b6-f75b-409e-ab8b-a2eac151e8fb,Google Ads,Converted,24-03-2025,24-09-2025,2568,South,Priya,21-03-2025,Unqualified,Salesforce,Follow-up Scheduled,Organic Search,35,Student,
3558e0e7-9175-446a-a6ac-03db79b2e61b,Referral,Contacted,10-10-2025,19-06-2025,0,South,Mary,,Qualified,Data Analytics,No Follow-up,Google Ads Campaign,79,Working Professional,
a63bf692-3842-4a52-be61-33a38d334025,Organic,Lost,17-03-2025,17-03-2025,0,South,Priya,,Qualified,Data Analytics,No Follow-up,Google Ads Campaign,56,Student,
db944181-9e25-4c36-a51d-abd6200107a9,Referral,Converted,31-05-2025,25-04-2025,2447,South,Raj,08-04-2025,Unqualified,Salesforce,No Follow-up,Google Ads Campaign,55,Fresher,
d2c57e7d-a1d6-4676-8ba2-d53abacb0bd0,Social Media,Converted,26-06-2025,12-02-2025,2304,North,John,24-03-2025,Qualified,Salesforce,Pending Follow-up,Facebook Ads,52,Fresher,
3ee0f706-b683-4ff9-af65-5c8b3c9fc696,Google Ads,Contacted,04-08-2025,22-06-2025,0,West,Mary,,Unqualified,Salesforce,Contacted,Organic Search,39,Working Professional,
2aa301c2-b76b-49cd-b0ef-fe5a3b5999b3,Organic,Contacted,01-09-2025,26-06-2025,0,South,Mary,,Unqualified,Salesforce,No Follow-up,Referral Program,73,Working Professional,
8c33a42d-d418-456e-9ae5-f873ae70199d,Organic,Converted,19-01-2025,22-01-2025,4173,North,Raj,04-07-2025,Unqualified,Salesforce,Contacted,Facebook Ads,38,Student,
19388a15-68b6-48cb-a6fb-6b06ef8184e2,Organic,Lost,21-08-2025,21-08-2025,0,West,Raj,,Qualified,Java Full Stack,Contacted,Google Ads Campaign,37,Working Professional,
2b55ab0b-4a26-4e24-a201-2ffb168ab3db,Organic,Converted,08-07-2025,13-02-2025,2612,South,Mary,17-02-2025,Qualified,Salesforce,No Follow-up,Organic Search,50,Working Professional,
1cb1fdd3-bc18-4156-b673-5e146fde3771,Social Media,Contacted,02-03-2025,29-01-2025,0,South,John,,Qualified,Java Full Stack,No Follow-up,Google Ads Campaign,38,Student,
3321f8fb-19b2-4458-9e4e-bfc7eb730c15,Google Ads,Contacted,08-10-2025,14-08-2025,0,East,Raj,,Qualified,Data Analytics,Contacted,Organic Search,63,Fresher,
74170571-ac18-44a2-b372-d4e1a1754219,Social Media,Contacted,14-03-2025,26-07-2025,0,East,Mary,,Unqualified,Data Analytics,Follow-up Scheduled,Google Ads Campaign,79,Fresher,
d35cb395-4245-4c7e-bb6f-f3574327d506,Social Media,Converted,02-03-2025,15-08-2025,2572,East,Mary,31-08-2025,Unqualified,Power BI,No Follow-up,Organic Search,34,Fresher,
22a45ccc-b82e-4016-8849-0db3c98db08f,Referral,Contacted,10-05-2025,04-01-2025,0,West,John,,Unqualified,Data Analytics,No Follow-up,Facebook Ads,59,Working Professional,
b9de8e40-65db-4ac2-a4e1-75e08f95a148,Organic,Converted,17-06-2025,26-05-2025,3396,East,Raj,26-06-2025,Qualified,Data Analytics,Follow-up Scheduled,Organic Search,89,Working Professional,
ea28e20c-52eb-48ac-95cb-c7aee3b30dac,Social Media,Converted,17-02-2025,05-07-2025,3036,West,John,10-04-2025,Unqualified,Java Full Stack,Pending Follow-up,Organic Search,59,Student,
141cb7e9-148f-4313-9264-a699c375735e,Referral,Contacted,19-07-2025,16-08-2025,0,East,John,,Qualified,Power BI,Pending Follow-up,Organic Search,68,Fresher,
b7e7e542-fed0-4557-b20b-1814de603e12,Organic,Lost,26-09-2025,26-09-2025,0,North,Raj,,Qualified,Java Full Stack,Pending Follow-up,Google Ads Campaign,51,Working Professional,
56f5fdae-d1d2-4bfc-8b80-32593b90b198,Social Media,Lost,01-03-2025,01-03-2025,0,South,Raj,,Qualified,Salesforce,Contacted,Referral Program,74,Working Professional,
a63c160e-5037-4b32-8db8-b85a3c7f3e47,Social Media,Converted,06-06-2025,15-02-2025,2411,South,Mary,30-01-2025,Qualified,Java Full Stack,Pending Follow-up,Facebook Ads,33,Student,
5ff1ed60-d7ba-4bd5-9334-d10a345994b0,Referral,Contacted,08-01-2025,08-08-2025,0,North,Raj,,Qualified,Power BI,Contacted,Facebook Ads,65,Fresher,
730d45ad-593f-4ea3-81aa-52098b0bef2e,Social Media,Lost,02-06-2025,02-06-2025,0,South,Raj,,Qualified,Power BI,Pending Follow-up,Facebook Ads,54,Working Professional,
be6ff876-af0f-4f67-b877-f2c0540c4a08,Organic,Contacted,30-06-2025,31-03-2025,0,North,John,,Unqualified,Salesforce,Contacted,Google Ads Campaign,41,Student,
cedf551a-9d8b-4dff-91e7-5390d5b8a106,Social Media,Lost,16-09-2025,16-09-2025,0,East,Priya,,Qualified,Salesforce,Contacted,Google Ads Campaign,89,Fresher,
7dac53e6-54d7-4b17-9fb6-74bb63f468c9,Referral,Lost,12-05-2025,12-05-2025,0,East,Priya,,Unqualified,Power BI,Pending Follow-up,Google Ads Campaign,45,Student,
5865b868-975b-47a1-a566-0c016291e083,Referral,Converted,26-07-2025,26-07-2025,2102,West,John,20-09-2025,Qualified,Data Analytics,Pending Follow-up,Facebook Ads,65,Fresher,
f344d551-4fcb-410c-a682-ed859510b6d5,Referral,Contacted,17-05-2025,11-08-2025,0,South,Raj,,Unqualified,Data Analytics,Contacted,Organic Search,31,Student,
e22ff3b2-b4ab-4915-ae95-93b30fe88b8e,Google Ads,Contacted,06-06-2025,26-08-2025,0,South,Raj,,Unqualified,Data Analytics,Follow-up Scheduled,Google Ads Campaign,30,Student,
ff5842ff-4356-4a8d-ba84-4b9ab2281773,Google Ads,Lost,14-08-2025,14-08-2025,0,West,Raj,,Unqualified,Data Analytics,No Follow-up,Google Ads Campaign,41,Fresher,
f6d775cb-4f06-4a34-8802-8f713fa5e76e,Google Ads,Lost,28-03-2025,28-03-2025,0,East,Raj,,Qualified,Java Full Stack,Pending Follow-up,Google Ads Campaign,75,Student,
b10864c2-a0cb-436f-95c7-dcbe60b3aa1b,Social Media,Contacted,08-01-2025,22-02-2025,0,East,Priya,,Unqualified,Salesforce,Contacted,Organic Search,88,Fresher,
020fb2dd-23f1-45d6-a2c7-f68ed625b6e7,Organic,Lost,20-06-2025,20-06-2025,0,North,Priya,,Unqualified,Power BI,No Follow-up,Organic Search,33,Student,
0a22740e-7602-4c2a-a048-e6420ca140c3,Social Media,Lost,03-03-2025,03-03-2025,0,East,Raj,,Qualified,Java Full Stack,Contacted,Organic Search,68,Working Professional,
a425bdd9-aa99-4694-b2cc-e32a94540790,Organic,Converted,22-05-2025,11-06-2025,2737,South,John,25-08-2025,Qualified,Data Analytics,Contacted,Organic Search,50,Working Professional,
bb1f9f5f-0d6e-4cfd-a5a9-235b4b80484e,Google Ads,Converted,27-06-2025,11-02-2025,4764,North,Mary,02-05-2025,Unqualified,Java Full Stack,No Follow-up,Organic Search,52,Fresher,
25ba58f3-8673-4910-83ca-af4ca214f9d2,Social Media,Lost,15-06-2025,15-06-2025,0,East,Raj,,Unqualified,Data Analytics,Follow-up Scheduled,Referral Program,90,Working Professional,
113dce64-e159-4e7e-9d13-e0b6c9eccb94,Referral,Contacted,07-06-2025,29-06-2025,0,East,Raj,,Qualified,Java Full Stack,Contacted,Referral Program,78,Fresher,
eb190f49-77ad-490f-931d-ccda305c7ba1,Google Ads,Converted,25-01-2025,14-10-2025,4867,South,Raj,13-06-2025,Unqualified,Java Full Stack,Contacted,Organic Search,38,Fresher,
5aff00a4-5870-4367-9c1e-c982a245bd19,Social Media,Lost,06-03-2025,06-03-2025,0,East,Raj,,Qualified,Data Analytics,Contacted,Organic Search,89,Fresher,
566726f4-ce33-46a4-899e-a9c1c1ecfd32,Google Ads,Lost,12-04-2025,12-04-2025,0,West,Priya,,Qualified,Power BI,Contacted,Google Ads Campaign,56,Student,
36939547-8cff-4310-a356-58f9c82f1b3d,Social Media,Converted,07-10-2025,09-05-2025,3765,West,Raj,19-09-2025,Qualified,Java Full Stack,Pending Follow-up,Organic Search,69,Student,
b1b72230-bd5e-4a2c-8158-707e35243b4e,Social Media,Contacted,13-09-2025,20-09-2025,0,South,Mary,,Qualified,Java Full Stack,No Follow-up,Google Ads Campaign,94,Working Professional,
fa64d984-ca38-46c0-aadc-f8cfd2b9c279,Google Ads,Contacted,02-03-2025,27-01-2025,0,East,Mary,,Qualified,Java Full Stack,Pending Follow-up,Organic Search,34,Working Professional,
43287e8a-2202-4069-9510-c914fd52a3d8,Social Media,Converted,05-02-2025,11-10-2025,4203,South,Priya,03-04-2025,Unqualified,Power BI,Contacted,Organic Search,52,Working Professional,
4c893756-9c69-418c-9736-27c167a3bb06,Google Ads,Lost,10-08-2025,10-08-2025,0,North,Mary,,Qualified,Data Analytics,Pending Follow-up,Google Ads Campaign,94,Working Professional,
491716d1-934e-44bb-bbbd-99e248faa360,Referral,Converted,08-06-2025,19-01-2025,3566,South,Priya,10-01-2025,Qualified,Power BI,Contacted,Facebook Ads,75,Fresher,
1e312334-6fd4-4adb-a011-9a4338c82487,Organic,Lost,06-09-2025,06-09-2025,0,South,John,,Qualified,Java Full Stack,Contacted,Google Ads Campaign,55,Student,
17b744d6-4922-48fd-890b-db2f720f39e3,Organic,Lost,01-04-2025,01-04-2025,0,East,Raj,,Unqualified,Java Full Stack,Pending Follow-up,Google Ads Campaign,47,Fresher,
cec2fdfb-4491-4cde-aa72-5c17e3ca658c,Social Media,Converted,16-05-2025,12-07-2025,2007,North,John,16-06-2025,Unqualified,Power BI,Pending Follow-up,Google Ads Campaign,80,Working Professional,
14b5fda0-28d8-46a6-85b7-924539222ece,Organic,Lost,28-06-2025,28-06-2025,0,East,John,,Qualified,Java Full Stack,Contacted,Organic Search,76,Student,
6419547c-4ea2-48c6-9006-ff1e8879806a,Organic,Contacted,28-01-2025,21-06-2025,0,West,Priya,,Unqualified,Data Analytics,No Follow-up,Referral Program,91,Working Professional,
91a5a8bb-2280-414a-b4c1-768580056d08,Organic,Lost,03-06-2025,03-06-2025,0,South,John,,Qualified,Salesforce,Contacted,Referral Program,67,Fresher,
ce35d6e5-44aa-4634-afe3-e27b28ee1d33,Organic,Converted,31-05-2025,17-08-2025,3459,North,John,21-06-2025,Unqualified,Salesforce,Contacted,Referral Program,30,Fresher,
10c4e4ab-04ef-466f-bebe-28eb5c5fdd3e,Organic,Converted,16-01-2025,12-02-2025,4475,East,John,05-09-2025,Qualified,Data Analytics,Contacted,Organic Search,39,Working Professional,
a8425849-33ca-4d25-9e25-c778755a0646,Google Ads,Lost,01-09-2025,01-09-2025,0,North,Raj,,Qualified,Java Full Stack,Pending Follow-up,Organic Search,69,Student,
47662d98-3090-4888-b1dd-06c3a131171c,Referral,Converted,02-04-2025,28-02-2025,4109,North,Raj,31-01-2025,Qualified,Salesforce,Pending Follow-up,Facebook Ads,42,Student,
8eadefd8-573b-41fb-9af3-09e8769c8e0a,Organic,Converted,15-07-2025,10-09-2025,3187,South,Raj,03-05-2025,Qualified,Power BI,No Follow-up,Google Ads Campaign,49,Fresher,
f83bbd4f-8c82-4c09-b083-807736403872,Organic,Contacted,23-06-2025,08-10-2025,0,West,Mary,,Qualified,Power BI,Pending Follow-up,Referral Program,38,Fresher,
4951b811-e72a-4c77-bdfb-2c84a32cabdf,Referral,Lost,28-08-2025,28-08-2025,0,East,Mary,,Qualified,Salesforce,Contacted,Google Ads Campaign,31,Student,
54ff2491-0a2b-41d4-ac9e-b3e6af600101,Social Media,Contacted,10-06-2025,23-09-2025,0,East,Mary,,Qualified,Power BI,Follow-up Scheduled,Organic Search,89,Student,
ff7d8d17-b705-43b0-bb51-0086859cd940,Social Media,Contacted,19-09-2025,15-02-2025,0,West,Mary,,Unqualified,Power BI,Pending Follow-up,Organic Search,69,Fresher,
c69d6da7-1057-4e50-865c-eac06eead3d7,Google Ads,Contacted,28-08-2025,01-07-2025,0,East,Raj,,Unqualified,Salesforce,Pending Follow-up,Google Ads Campaign,30,Fresher,
174f1c31-6ca4-40ff-b0f7-0570880323ac,Referral,Lost,15-02-2025,15-02-2025,0,South,John,,Unqualified,Power BI,Follow-up Scheduled,Referral Program,64,Working Professional,
c7c1b764-717d-458d-a326-6ccee20bce7b,Social Media,Lost,07-10-2025,07-10-2025,0,South,Raj,,Unqualified,Salesforce,Contacted,Referral Program,95,Student,
fe5fc581-c80e-41ac-9561-c86bf3c87a81,Google Ads,Lost,09-01-2025,09-01-2025,0,East,Raj,,Qualified,Power BI,No Follow-up,Organic Search,42,Fresher,
b11537d9-2405-467c-93f4-d3bb9b86ed10,Social Media,Lost,11-02-2025,11-02-2025,0,West,Raj,,Qualified,Power BI,Follow-up Scheduled,Google Ads Campaign,35,Working Professional,
02a50720-bb14-4ea5-9704-76a461f2a816,Google Ads,Converted,11-09-2025,24-07-2025,4612,East,John,01-10-2025,Qualified,Power BI,No Follow-up,Facebook Ads,54,Fresher,
5cf9edfb-ac48-4dbb-a4e0-0d4ff1a92bf2,Social Media,Contacted,30-07-2025,23-03-2025,0,North,Priya,,Unqualified,Data Analytics,Follow-up Scheduled,Organic Search,46,Student,
5b618ad5-534f-498a-86a3-7d19e83d8f0a,Social Media,Contacted,04-10-2025,20-04-2025,0,North,Raj,,Unqualified,Power BI,Contacted,Referral Program,74,Working Professional,
110e67b2-e8cc-4c0e-ac9e-9b2b4f545704,Organic,Lost,01-02-2025,01-02-2025,0,North,Raj,,Unqualified,Salesforce,Follow-up Scheduled,Organic Search,83,Working Professional,
e03cd364-f195-40bf-8ee3-7bf2e794fd5e,Google Ads,Lost,13-04-2025,13-04-2025,0,West,Mary,,Unqualified,Salesforce,Follow-up Scheduled,Referral Program,71,Fresher,
04930f16-333e-48e9-85e0-1a976470d8d7,Social Media,Contacted,30-05-2025,26-04-2025,0,West,John,,Unqualified,Java Full Stack,No Follow-up,Facebook Ads,54,Fresher,
91b01570-a2d5-4e7a-9b3a-bd65d2802430,Organic,Contacted,28-03-2025,25-04-2025,0,West,Mary,,Qualified,Power BI,Contacted,Google Ads Campaign,91,Working Professional,
4b1a2945-80c0-42bf-9824-ab31ceec7d54,Social Media,Lost,12-06-2025,12-06-2025,0,South,Mary,,Unqualified,Java Full Stack,No Follow-up,Referral Program,32,Fresher,
ae8b039b-481a-4694-be95-452519683a97,Google Ads,Contacted,27-03-2025,20-06-2025,0,West,John,,Unqualified,Power BI,Follow-up Scheduled,Facebook Ads,45,Student,
f02c2877-0a74-4d88-a463-0c3da1d01132,Google Ads,Contacted,12-08-2025,01-10-2025,0,East,Priya,,Qualified,Data Analytics,Pending Follow-up,Google Ads Campaign,61,Working Professional,
308411cd-132c-4593-b5ec-164226cc5b15,Google Ads,Lost,11-06-2025,11-06-2025,0,East,Priya,,Qualified,Power BI,Pending Follow-up,Referral Program,63,Student,
0fa4bd94-1274-47e5-b4c5-ff28c187c482,Google Ads,Lost,22-05-2025,22-05-2025,0,North,Raj,,Qualified,Salesforce,Contacted,Google Ads Campaign,41,Fresher,
f5f455c9-ffd7-463d-a209-9eec40040806,Social Media,Contacted,01-06-2025,20-01-2025,0,East,Priya,,Unqualified,Salesforce,Pending Follow-up,Google Ads Campaign,62,Student,
aa4de7b3-bb90-4261-8436-5f917895f117,Social Media,Converted,20-09-2025,24-03-2025,3798,South,Priya,16-02-2025,Unqualified,Salesforce,No Follow-up,Referral Program,45,Student,
fd7ef71c-920f-406c-ba1b-ba18fe009186,Social Media,Contacted,07-03-2025,27-03-2025,0,North,Mary,,Unqualified,Salesforce,Pending Follow-up,Organic Search,39,Student,
b32e3574-562e-4ead-89b2-fd00c80084a5,Google Ads,Contacted,12-01-2025,19-09-2025,0,North,Mary,,Qualified,Salesforce,Contacted,Referral Program,68,Student,
41e55303-cc2c-4a7e-b6f8-e55071e29ff2,Social Media,Converted,22-03-2025,14-01-2025,4574,South,John,04-08-2025,Unqualified,Salesforce,Pending Follow-up,Facebook Ads,78,Student,
f9292b3f-e5db-4b48-af74-6a8e2e13fcfb,Google Ads,Converted,30-06-2025,29-08-2025,3558,South,Priya,09-07-2025,Qualified,Java Full Stack,Follow-up Scheduled,Facebook Ads,48,Working Professional,
12dfa3a8-e4b2-48e6-9607-2ff063d7d2ed,Organic,Converted,17-06-2025,20-02-2025,3229,West,Priya,05-10-2025,Qualified,Java Full Stack,Pending Follow-up,Google Ads Campaign,85,Student,
d16201b8-49fb-46ac-92b3-4011eaee3c8d,Google Ads,Contacted,21-04-2025,20-07-2025,0,East,John,,Unqualified,Power BI,Contacted,Google Ads Campaign,52,Student,
3e24a4bc-9026-4ad1-9042-c233c050d08f,Referral,Contacted,24-04-2025,12-08-2025,0,West,Priya,,Unqualified,Data Analytics,No Follow-up,Facebook Ads,92,Student,
1afc761a-a9f5-419c-9d09-dbe16b33a9ee,Social Media,Converted,20-02-2025,01-02-2025,4310,East,Raj,03-02-2025,Unqualified,Salesforce,Pending Follow-up,Organic Search,40,Student,
dfb6f107-3643-42a7-89cd-5832708b653e,Referral,Lost,05-06-2025,05-06-2025,0,North,Priya,,Unqualified,Data Analytics,No Follow-up,Google Ads Campaign,92,Student,
6601f335-c0ce-4e47-a4a3-b265bae217ba,Google Ads,Converted,14-01-2025,29-06-2025,4411,South,John,07-08-2025,Unqualified,Data Analytics,No Follow-up,Referral Program,79,Working Professional,
f87ced4f-6dea-4f7c-871a-88345e66e029,Organic,Contacted,28-04-2025,13-10-2025,0,East,Mary,,Qualified,Java Full Stack,Follow-up Scheduled,Google Ads Campaign,44,Working Professional,
655bd6ae-5673-45f9-b00e-78be1bdf3d94,Social Media,Lost,12-10-2025,12-10-2025,0,West,Priya,,Qualified,Power BI,No Follow-up,Facebook Ads,53,Student,
dfbdca43-d5d0-42bd-97bf-c876521427f3,Google Ads,Converted,03-08-2025,22-06-2025,2033,West,John,20-09-2025,Qualified,Data Analytics,Contacted,Google Ads Campaign,31,Fresher,
98a8f3fb-a8ac-432b-9e07-694f0799d8fc,Referral,Contacted,13-06-2025,20-06-2025,0,North,Raj,,Qualified,Salesforce,Follow-up Scheduled,Facebook Ads,30,Working Professional,
ecdee356-1775-417b-929e-7d245fe82ea1,Referral,Lost,24-03-2025,24-03-2025,0,East,Priya,,Qualified,Java Full Stack,No Follow-up,Facebook Ads,68,Student,
eb2824e2-397d-4831-90e3-cd32046fc384,Referral,Contacted,16-09-2025,07-06-2025,0,North,Priya,,Unqualified,Data Analytics,Contacted,Referral Program,77,Student,
488a885a-c67c-437a-ac29-0690ea589dde,Organic,Contacted,15-07-2025,16-09-2025,0,South,Mary,,Qualified,Salesforce,No Follow-up,Google Ads Campaign,83,Student,
ff9b6aa6-9bbe-42be-9db8-b000e2d00da0,Referral,Contacted,21-03-2025,18-01-2025,0,West,Priya,,Unqualified,Power BI,No Follow-up,Facebook Ads,64,Fresher,
459e556c-3948-4ebf-83a1-ff5d2f015fe9,Referral,Contacted,27-02-2025,05-01-2025,0,East,Raj,,Qualified,Salesforce,No Follow-up,Google Ads Campaign,81,Fresher,
89b3d365-dcda-4dab-9aa8-f6dcf0ab86e1,Referral,Converted,19-09-2025,18-04-2025,4957,East,John,01-08-2025,Unqualified,Power BI,Follow-up Scheduled,Google Ads Campaign,57,Student,
0d580aed-d820-43ed-89c2-9baff6a2b66d,Social Media,Contacted,11-03-2025,25-07-2025,0,North,John,,Qualified,Power BI,Follow-up Scheduled,Referral Program,83,Working Professional,
5e6c4f52-c64f-44f7-b631-3056bdddf94e,Google Ads,Converted,19-01-2025,07-04-2025,4365,North,Mary,14-02-2025,Qualified,Power BI,Contacted,Organic Search,57,Fresher,
1ae2aa31-c9e8-465e-b11e-d96b92b73d6d,Referral,Lost,14-07-2025,14-07-2025,0,South,John,,Qualified,Salesforce,Contacted,Referral Program,94,Fresher,
69f13d34-7efd-4893-9aa5-b65a00679d26,Social Media,Converted,09-09-2025,20-02-2025,2258,East,Raj,14-05-2025,Qualified,Power BI,Follow-up Scheduled,Google Ads Campaign,84,Student,
81afe7b8-8b78-4cdc-96fe-0c9ef63f7ace,Social Media,Converted,04-03-2025,11-03-2025,4589,North,Raj,28-05-2025,Qualified,Data Analytics,Follow-up Scheduled,Referral Program,50,Working Professional,
d0dba772-4e17-4699-b868-9fa06c1f4388,Google Ads,Lost,07-06-2025,07-06-2025,0,East,Raj,,Qualified,Salesforce,Pending Follow-up,Referral Program,95,Fresher,
04003149-35e4-4cf8-b3ee-af5edb6f1495,Social Media,Converted,31-05-2025,06-02-2025,2184,South,Raj,01-09-2025,Qualified,Power BI,No Follow-up,Referral Program,82,Fresher,
9d716d82-3d4a-4efc-af67-951516bef323,Organic,Contacted,16-02-2025,03-08-2025,0,West,Raj,,Unqualified,Power BI,Pending Follow-up,Facebook Ads,32,Student,
1181a619-5d5f-4b8d-ac0f-9ac0e584643f,Social Media,Lost,02-02-2025,02-02-2025,0,West,Raj,,Qualified,Java Full Stack,Follow-up Scheduled,Organic Search,56,Working Professional,
d18f40e6-1ef9-4550-826e-f76c6c07154c,Referral,Converted,09-07-2025,20-02-2025,2707,South,John,20-02-2025,Unqualified,Java Full Stack,No Follow-up,Facebook Ads,72,Working Professional,
31699b2a-0891-44ca-a176-09609967e56f,Referral,Contacted,15-05-2025,03-02-2025,0,West,Mary,,Qualified,Power BI,No Follow-up,Organic Search,43,Student,
67a9fb9e-80cc-4db4-a0e3-98b1bf8dd7a8,Google Ads,Contacted,22-01-2025,02-01-2025,0,East,John,,Unqualified,Data Analytics,No Follow-up,Organic Search,48,Fresher,
8cc28bc7-938e-48b1-83fd-f86d9f7ea4e4,Referral,Contacted,10-07-2025,07-10-2025,0,West,John,,Unqualified,Power BI,Follow-up Scheduled,Referral Program,43,Student,
b65f525d-cb3b-4448-b391-1077f18ca8ef,Organic,Lost,08-03-2025,08-03-2025,0,South,Raj,,Unqualified,Data Analytics,No Follow-up,Organic Search,92,Student,
b89018d3-291d-4013-8f6b-5901b49b0242,Google Ads,Lost,18-06-2025,18-06-2025,0,East,Mary,,Qualified,Data Analytics,Pending Follow-up,Referral Program,49,Fresher,
6ac134d6-9ca7-4002-81e6-7a2940d2d25f,Social Media,Converted,15-07-2025,02-01-2025,4898,North,Mary,17-01-2025,Unqualified,Data Analytics,No Follow-up,Google Ads Campaign,61,Fresher,
d188ad35-6a25-49b0-9ea9-3b9540c27e36,Referral,Converted,26-01-2025,06-01-2025,4574,West,John,14-03-2025,Unqualified,Salesforce,Follow-up Scheduled,Google Ads Campaign,48,Fresher,
6492b445-9fb1-43f8-a4c7-f8b32b9cdcb3,Social Media,Contacted,23-01-2025,21-07-2025,0,West,Priya,,Unqualified,Power BI,Pending Follow-up,Facebook Ads,85,Working Professional,
68c23942-df9f-4c03-b212-9eab7a24e12b,Referral,Converted,19-05-2025,04-05-2025,2879,West,Mary,14-06-2025,Qualified,Salesforce,Follow-up Scheduled,Facebook Ads,61,Fresher,
fe5c85d4-abee-4293-b048-91a7364d3f2b,Referral,Contacted,14-07-2025,28-03-2025,0,South,Priya,,Unqualified,Power BI,Pending Follow-up,Facebook Ads,69,Fresher,
36df09ce-525e-4b2c-8a36-7f70076a1f4b,Social Media,Contacted,07-01-2025,12-02-2025,0,South,Raj,,Qualified,Java Full Stack,Follow-up Scheduled,Google Ads Campaign,62,Student,
e1e1525a-7231-4950-8039-0ae3d6d1705f,Referral,Contacted,18-02-2025,17-07-2025,0,East,Raj,,Unqualified,Power BI,Contacted,Facebook Ads,50,Working Professional,
df55242f-8fb4-4af7-a972-f4b152d5d6be,Referral,Converted,23-06-2025,02-02-2025,3106,North,Mary,28-09-2025,Unqualified,Java Full Stack,No Follow-up,Google Ads Campaign,83,Fresher,
515430b1-18b4-4b9f-9c1b-c511e116d99c,Google Ads,Contacted,14-01-2025,23-05-2025,0,South,Raj,,Qualified,Salesforce,Pending Follow-up,Organic Search,35,Working Professional,
c0457649-cef0-4ae1-9835-c1c1d1aabc6f,Social Media,Lost,19-01-2025,19-01-2025,0,West,John,,Unqualified,Data Analytics,Pending Follow-up,Facebook Ads,85,Student,
910465d3-e6d0-4ba7-a252-fefe0c77ecf1,Google Ads,Contacted,26-09-2025,20-03-2025,0,East,Raj,,Qualified,Salesforce,Contacted,Organic Search,48,Working Professional,
b967bbff-734d-40d5-9976-37232970c8d4,Social Media,Lost,31-07-2025,31-07-2025,0,South,Mary,,Unqualified,Power BI,Pending Follow-up,Referral Program,90,Working Professional,
c66c6145-6a86-4ca5-b660-61fbbd03fe46,Google Ads,Contacted,29-07-2025,27-02-2025,0,North,Raj,,Unqualified,Java Full Stack,No Follow-up,Organic Search,95,Working Professional,
6bf6abf8-fbc2-4b79-a0e2-864bb3599317,Social Media,Converted,19-01-2025,24-04-2025,4732,South,Mary,01-10-2025,Unqualified,Salesforce,No Follow-up,Organic Search,52,Fresher,
0c74fb30-9f88-48d2-a502-72873a82f3d8,Google Ads,Contacted,18-02-2025,19-07-2025,0,West,Mary,,Unqualified,Data Analytics,Pending Follow-up,Referral Program,47,Working Professional,
dbbbd40c-7776-439a-99d6-641f631966e6,Social Media,Converted,11-03-2025,01-06-2025,2281,East,Mary,06-09-2025,Unqualified,Java Full Stack,Contacted,Organic Search,33,Working Professional,
ddae06bf-758d-4669-9d9d-e8274a7a68b7,Google Ads,Converted,19-06-2025,23-07-2025,2943,West,Raj,22-02-2025,Qualified,Salesforce,Contacted,Organic Search,59,Fresher,
f2ec5ba0-bbc0-445b-9211-157b186b3613,Referral,Contacted,21-09-2025,27-09-2025,0,North,John,,Qualified,Power BI,Pending Follow-up,Google Ads Campaign,48,Working Professional,
289b1f8e-fd87-461d-824c-c755a34bc3e9,Google Ads,Contacted,13-03-2025,29-04-2025,0,East,Priya,,Qualified,Salesforce,No Follow-up,Facebook Ads,73,Working Professional,
3ec85b54-f67e-4a5e-805e-276c510bd348,Organic,Lost,08-08-2025,08-08-2025,0,East,Priya,,Unqualified,Salesforce,Contacted,Referral Program,53,Working Professional,
44495be8-01a0-4f66-b50c-525a8e70bd51,Organic,Lost,12-02-2025,12-02-2025,0,North,Priya,,Qualified,Java Full Stack,No Follow-up,Referral Program,50,Fresher,
73247b6d-52b4-4637-b95b-6a14eb388943,Google Ads,Converted,21-05-2025,25-09-2025,4347,East,Priya,08-06-2025,Qualified,Data Analytics,Pending Follow-up,Google Ads Campaign,68,Fresher,
beec5c1c-ef85-4ba2-a3b7-9d3ae692c55d,Social Media,Lost,16-08-2025,16-08-2025,0,South,Priya,,Qualified,Java Full Stack,No Follow-up,Organic Search,63,Working Professional,
c24a134b-49cd-4ca3-b260-e31864b5c6f8,Google Ads,Contacted,26-07-2025,19-06-2025,0,North,Priya,,Unqualified,Java Full Stack,Follow-up Scheduled,Facebook Ads,35,Student,
8c279586-e225-4087-83b6-27f2d5f021bb,Social Media,Lost,08-07-2025,08-07-2025,0,West,Priya,,Qualified,Data Analytics,Follow-up Scheduled,Referral Program,69,Fresher,
842f8167-28e6-47da-a2a7-813249a92f9c,Referral,Converted,10-08-2025,18-08-2025,3973,West,Priya,25-06-2025,Qualified,Power BI,Follow-up Scheduled,Google Ads Campaign,62,Fresher,
05510218-6592-493a-8ee0-e435696cd603,Google Ads,Lost,06-01-2025,06-01-2025,0,West,John,,Unqualified,Java Full Stack,No Follow-up,Google Ads Campaign,42,Fresher,
7f0153e5-3d1b-4c29-a3a2-8fcbdbea8854,Social Media,Converted,13-01-2025,18-06-2025,4995,North,Priya,02-05-2025,Qualified,Data Analytics,Contacted,Referral Program,34,Student,
7d1ccaa8-021d-4ee4-92f0-ce7b8e902363,Google Ads,Lost,05-09-2025,05-09-2025,0,West,Raj,,Qualified,Power BI,Contacted,Facebook Ads,66,Fresher,
93bb3aa7-a44a-4b5a-94c5-c70d48732569,Organic,Lost,07-04-2025,07-04-2025,0,West,Mary,,Qualified,Java Full Stack,Follow-up Scheduled,Google Ads Campaign,58,Student,
5eda1f67-a344-4647-a021-70cb5ac653e7,Organic,Contacted,15-01-2025,11-05-2025,0,West,Mary,,Unqualified,Data Analytics,No Follow-up,Organic Search,75,Student,
93a1aa7d-838e-4954-8ea3-419ab0b3a831,Google Ads,Lost,08-04-2025,08-04-2025,0,East,Priya,,Qualified,Salesforce,No Follow-up,Referral Program,59,Student,
c69465ea-094a-4aed-b0dc-d813baae9fe2,Social Media,Converted,19-06-2025,21-07-2025,2799,East,Mary,01-04-2025,Qualified,Data Analytics,No Follow-up,Facebook Ads,52,Working Professional,
b882fcbd-dac6-4106-a114-bf438bdbf097,Google Ads,Contacted,01-05-2025,23-04-2025,0,West,Mary,,Unqualified,Java Full Stack,No Follow-up,Referral Program,63,Working Professional,
eb394cd6-6f25-4a29-aa69-c90301e758cb,Social Media,Lost,13-01-2025,13-01-2025,0,North,Priya,,Qualified,Power BI,Pending Follow-up,Organic Search,38,Working Professional,
43de83d5-3315-4505-9326-4ae53a3ca223,Organic,Lost,25-04-2025,25-04-2025,0,East,John,,Unqualified,Power BI,Contacted,Facebook Ads,92,Working Professional,
00eef458-7686-4a5d-8e14-415cfad36eea,Google Ads,Converted,20-05-2025,30-01-2025,2914,North,Priya,30-05-2025,Qualified,Data Analytics,Pending Follow-up,Referral Program,75,Fresher,
a1253296-b408-4b55-a62e-55b8cf577399,Referral,Converted,27-02-2025,19-08-2025,4366,North,John,05-08-2025,Unqualified,Data Analytics,No Follow-up,Organic Search,92,Fresher,
23318e22-76c3-4e5f-9cff-6d454bc5c4f4,Social Media,Contacted,20-04-2025,06-06-2025,0,North,Mary,,Qualified,Java Full Stack,Pending Follow-up,Organic Search,82,Student,
3b9c16ed-c757-497f-b8cb-c45879052610,Social Media,Lost,27-03-2025,27-03-2025,0,North,Priya,,Unqualified,Salesforce,No Follow-up,Referral Program,57,Student,
e86eb246-4145-41da-9ac4-8995b3455372,Referral,Lost,12-03-2025,12-03-2025,0,East,John,,Unqualified,Salesforce,Follow-up Scheduled,Google Ads Campaign,58,Student,
af08f166-1aeb-42da-b95a-a8a3cdf252d8,Google Ads,Converted,26-04-2025,24-04-2025,4593,East,Mary,13-03-2025,Qualified,Java Full Stack,Pending Follow-up,Google Ads Campaign,73,Student,
80bf216e-3ba9-4668-b9d9-46b5107e5c3d,Google Ads,Contacted,30-03-2025,17-08-2025,0,West,Priya,,Qualified,Power BI,No Follow-up,Organic Search,95,Student,
38dbd019-a08c-444c-926a-a93fab528fd3,Social Media,Lost,21-01-2025,21-01-2025,0,South,John,,Unqualified,Salesforce,Pending Follow-up,Facebook Ads,53,Working Professional,
674d2840-b910-4b76-a7be-5680c5e1c45c,Google Ads,Converted,10-02-2025,31-01-2025,2763,North,Priya,09-06-2025,Qualified,Power BI,Contacted,Referral Program,37,Fresher,
e67e2a1d-57c2-4ef3-9507-c2be97a2f47f,Referral,Contacted,26-08-2025,18-09-2025,0,West,Mary,,Qualified,Power BI,Pending Follow-up,Google Ads Campaign,60,Working Professional,
ea6ab914-70df-4a0e-90dc-2fcc79602da5,Social Media,Converted,11-04-2025,08-01-2025,2220,East,Raj,29-05-2025,Unqualified,Data Analytics,No Follow-up,Facebook Ads,45,Student,
39889909-f24d-495d-8280-4b96f03e582f,Organic,Contacted,10-08-2025,04-08-2025,0,East,John,,Unqualified,Salesforce,Pending Follow-up,Facebook Ads,95,Working Professional,
88fa21a1-5b4c-4331-8669-a71419c593c8,Social Media,Lost,10-02-2025,10-02-2025,0,North,John,,Unqualified,Data Analytics,Follow-up Scheduled,Google Ads Campaign,48,Working Professional,
ab5166a6-ea7d-4473-89df-46ffec1ecaaa,Social Media,Contacted,22-05-2025,30-06-2025,0,East,Raj,,Qualified,Data Analytics,Pending Follow-up,Organic Search,50,Fresher,
e04e15ed-9ac9-4178-b2e6-202122a3b49a,Google Ads,Converted,17-03-2025,03-07-2025,2740,West,Raj,01-04-2025,Unqualified,Salesforce,No Follow-up,Google Ads Campaign,85,Working Professional,
b82ff6c3-b0e1-458f-a5dd-a4b0351f1eb7,Referral,Lost,19-03-2025,19-03-2025,0,North,Mary,,Unqualified,Data Analytics,No Follow-up,Google Ads Campaign,83,Working Professional,
2b055a7a-40b6-454a-a29b-1d923c4563ae,Organic,Lost,25-08-2025,25-08-2025,0,North,Raj,,Unqualified,Data Analytics,Pending Follow-up,Organic Search,65,Fresher,
e1470b4d-b2d9-4a5e-933e-9f18fa3dca30,Social Media,Contacted,29-09-2025,09-06-2025,0,South,Raj,,Qualified,Salesforce,Pending Follow-up,Organic Search,55,Working Professional,
7574ed70-26f8-41f6-8adb-416ebfe45fbb,Organic,Lost,06-10-2025,06-10-2025,0,West,Raj,,Qualified,Data Analytics,Follow-up Scheduled,Organic Search,69,Student,
0f05d1ae-eb15-43cb-8e23-72b4cbb548c1,Social Media,Lost,30-09-2025,30-09-2025,0,West,Priya,,Qualified,Salesforce,Follow-up Scheduled,Facebook Ads,90,Student,
4e5ccec3-d8e7-45fb-96da-4ee989247cc1,Google Ads,Lost,08-04-2025,08-04-2025,0,East,Raj,,Qualified,Java Full Stack,Pending Follow-up,Google Ads Campaign,59,Fresher,
5a16a700-0255-40c2-b429-6ca431a7b571,Social Media,Converted,12-02-2025,26-02-2025,2031,West,Mary,22-03-2025,Unqualified,Power BI,Pending Follow-up,Google Ads Campaign,95,Student,
1a62f410-0b4a-4607-9ae7-3d99ba44f3f7,Social Media,Lost,28-08-2025,28-08-2025,0,West,Priya,,Qualified,Power BI,Contacted,Facebook Ads,93,Fresher,
50ef4bca-563f-4bfe-8590-b83532eb8175,Social Media,Converted,01-09-2025,16-08-2025,4447,South,John,25-07-2025,Qualified,Salesforce,Pending Follow-up,Referral Program,90,Fresher,
b34043e3-b04d-410e-9ae7-418afb76d2f3,Social Media,Contacted,30-09-2025,05-05-2025,0,North,Priya,,Unqualified,Java Full Stack,No Follow-up,Referral Program,89,Working Professional,
9a36e236-f336-4528-88d5-4ef9ba432a98,Referral,Converted,03-10-2025,09-04-2025,3284,East,Raj,03-04-2025,Unqualified,Data Analytics,Pending Follow-up,Organic Search,42,Student,
f8abbfdd-0d8d-4d5a-9183-31531d445cfe,Organic,Contacted,11-07-2025,25-05-2025,0,West,Mary,,Unqualified,Java Full Stack,Pending Follow-up,Google Ads Campaign,72,Student,
ea8e9d9e-8b26-4e85-a229-908c977c9abb,Social Media,Converted,06-05-2025,13-07-2025,2219,East,John,21-03-2025,Qualified,Salesforce,Follow-up Scheduled,Facebook Ads,86,Student,
3183b411-97aa-4fdb-9a49-7b0c3fc855e7,Google Ads,Converted,11-04-2025,16-08-2025,2929,West,Priya,25-03-2025,Unqualified,Java Full Stack,No Follow-up,Google Ads Campaign,32,Fresher,
d3d55b62-1433-4ca2-b800-62b9d6d03ffd,Organic,Converted,06-02-2025,07-02-2025,4048,East,Raj,01-01-2025,Qualified,Power BI,Contacted,Organic Search,49,Student,
d45769c8-e53d-481f-8992-7b727952e224,Social Media,Converted,16-10-2025,07-10-2025,4221,West,Mary,30-01-2025,Unqualified,Java Full Stack,Follow-up Scheduled,Facebook Ads,33,Student,
c6137ac9-23b4-4a6f-8c58-7633cbcde7cb,Organic,Contacted,12-07-2025,22-06-2025,0,East,Raj,,Qualified,Java Full Stack,Pending Follow-up,Organic Search,72,Student,
0df1a3f8-baa3-4203-aa68-2a7dbf9a9734,Google Ads,Lost,08-04-2025,08-04-2025,0,West,Priya,,Qualified,Data Analytics,No Follow-up,Facebook Ads,81,Working Professional,
0c671df2-a836-4fe4-891b-8ba4c67c9285,Referral,Contacted,23-08-2025,03-07-2025,0,South,Mary,,Qualified,Power BI,Contacted,Facebook Ads,83,Student,
ba7ab0bf-97e4-4e4e-b685-745c32388728,Organic,Converted,27-02-2025,14-06-2025,3713,South,John,14-10-2025,Qualified,Data Analytics,Follow-up Scheduled,Google Ads Campaign,86,Fresher,
2cf0601d-2a63-4fec-af79-1b5832db68d1,Google Ads,Contacted,13-04-2025,20-02-2025,0,East,Priya,,Qualified,Power BI,Contacted,Referral Program,91,Fresher,
44a3acbc-9186-4835-8a84-ecf73f63aa69,Organic,Contacted,22-01-2025,26-03-2025,0,West,Priya,,Qualified,Power BI,Follow-up Scheduled,Facebook Ads,35,Working Professional,
c3ddc407-f8ae-4342-8fde-aab9dd75846c,Referral,Converted,19-04-2025,25-03-2025,3791,North,John,16-08-2025,Unqualified,Java Full Stack,No Follow-up,Organic Search,62,Student,
d740d44b-43c7-4078-b50f-2ac7c8844d90,Referral,Converted,19-01-2025,02-01-2025,3753,West,Raj,30-07-2025,Qualified,Power BI,Pending Follow-up,Referral Program,50,Student,
138ce4cb-cbb8-4fe7-8b97-b97edefffdc3,Organic,Contacted,16-04-2025,18-06-2025,0,West,Raj,,Qualified,Power BI,No Follow-up,Organic Search,56,Working Professional,
e7210748-8f90-45a4-b9a4-1aa621a6ee4f,Referral,Converted,13-04-2025,15-05-2025,2330,West,Priya,03-07-2025,Unqualified,Salesforce,Follow-up Scheduled,Organic Search,39,Student,
cbfd1b97-6303-431b-a983-fd0c078e45d4,Google Ads,Converted,03-03-2025,30-05-2025,4920,West,Mary,19-02-2025,Qualified,Salesforce,Follow-up Scheduled,Google Ads Campaign,92,Fresher,
fe9d27c5-5ce2-4755-8a89-ddbfebc8a6d6,Social Media,Contacted,14-03-2025,06-09-2025,0,South,John,,Unqualified,Data Analytics,Follow-up Scheduled,Organic Search,88,Fresher,
39e743a2-d3ce-470c-95ca-d79e4df7c340,Organic,Lost,09-01-2025,09-01-2025,0,East,Raj,,Qualified,Java Full Stack,Follow-up Scheduled,Google Ads Campaign,86,Student,
f414a32d-ea9a-412e-9bcf-9a265d2abf4f,Google Ads,Lost,14-07-2025,14-07-2025,0,North,Raj,,Qualified,Salesforce,Contacted,Google Ads Campaign,50,Student,
9edef337-caee-43dc-b839-20bd724fae58,Social Media,Converted,06-06-2025,12-10-2025,3272,South,Priya,03-04-2025,Unqualified,Data Analytics,Pending Follow-up,Facebook Ads,57,Student,
ff8bc6b3-644a-48fb-b6f1-bd8679b9e61f,Referral,Converted,20-02-2025,13-02-2025,3429,East,John,15-06-2025,Unqualified,Salesforce,Pending Follow-up,Organic Search,50,Student,
1f43854c-51ad-461c-9672-e93928b6e217,Social Media,Lost,07-05-2025,07-05-2025,0,North,Raj,,Qualified,Power BI,Pending Follow-up,Facebook Ads,91,Working Professional,
978ad17c-c211-403b-9838-3f3e3f0fffb7,Referral,Contacted,26-02-2025,30-09-2025,0,South,Priya,,Unqualified,Salesforce,Pending Follow-up,Google Ads Campaign,37,Fresher,
28a60798-cf5f-4e6f-a937-e538ecde7d14,Social Media,Converted,20-06-2025,15-10-2025,3022,West,Raj,31-01-2025,Unqualified,Salesforce,No Follow-up,Organic Search,70,Student,
f521cc52-052d-436a-b1d9-dab77c2e4b18,Social Media,Contacted,07-07-2025,21-04-2025,0,South,Raj,,Qualified,Java Full Stack,Pending Follow-up,Referral Program,94,Working Professional,
0111b68d-6833-40f6-aa97-129aa8d0db5e,Referral,Converted,15-08-2025,12-06-2025,2603,South,Mary,19-04-2025,Qualified,Power BI,No Follow-up,Organic Search,86,Fresher,
20e017b3-abbb-4ae7-a219-4a5ddf95aa36,Google Ads,Contacted,20-01-2025,27-04-2025,0,West,Mary,,Unqualified,Java Full Stack,No Follow-up,Google Ads Campaign,89,Student,
4072c576-19b8-4e50-add3-dcc3ff0e7bed,Social Media,Lost,23-04-2025,23-04-2025,0,West,John,,Qualified,Power BI,Contacted,Facebook Ads,88,Working Professional,
1f18b93f-dd3c-43e5-a675-833ba3745f1b,Referral,Contacted,19-05-2025,08-03-2025,0,East,John,,Qualified,Salesforce,No Follow-up,Google Ads Campaign,74,Working Professional,
4b5300b2-caca-43ff-9812-5ece7d96cb57,Social Media,Converted,15-03-2025,25-05-2025,4712,South,Priya,14-02-2025,Unqualified,Data Analytics,No Follow-up,Organic Search,85,Student,
1e1100a3-fd97-401e-9f0a-0de898b2c145,Google Ads,Contacted,10-02-2025,06-03-2025,0,North,John,,Qualified,Salesforce,Pending Follow-up,Organic Search,84,Fresher,
dd1513e2-4fa9-4081-a947-434d3df8321d,Organic,Converted,26-02-2025,01-02-2025,2407,West,Raj,03-06-2025,Unqualified,Data Analytics,Follow-up Scheduled,Google Ads Campaign,93,Fresher,
d34826a1-0445-4b9b-81ea-a60250ec03da,Google Ads,Lost,21-07-2025,21-07-2025,0,West,Raj,,Unqualified,Java Full Stack,Follow-up Scheduled,Organic Search,30,Working Professional,
b51327be-0e08-4f97-abde-50a0253e63f3,Referral,Lost,15-06-2025,15-06-2025,0,North,Raj,,Qualified,Data Analytics,Pending Follow-up,Google Ads Campaign,70,Student,
cfc96cdc-815a-4138-a9e6-a282f51c797b,Google Ads,Contacted,04-03-2025,12-02-2025,0,South,Mary,,Qualified,Power BI,Contacted,Organic Search,57,Fresher,
0a693eb9-fa8d-4790-967f-e15b82619201,Social Media,Converted,27-01-2025,24-09-2025,2349,West,Priya,02-05-2025,Unqualified,Data Analytics,Pending Follow-up,Organic Search,64,Working Professional,
147b7d87-dbd3-4355-a42e-117ffdfbedbb,Social Media,Converted,13-02-2025,30-08-2025,3432,East,John,06-06-2025,Unqualified,Salesforce,No Follow-up,Referral Program,67,Student,
0c379398-d6cb-43e2-a58e-6d5af05aa6f8,Referral,Lost,15-05-2025,15-05-2025,0,East,John,,Qualified,Power BI,Pending Follow-up,Organic Search,31,Working Professional,
6f13f784-4797-45c1-b9ab-e0a1b9f44cd7,Organic,Converted,01-01-2025,12-03-2025,2162,South,Raj,02-05-2025,Qualified,Data Analytics,No Follow-up,Facebook Ads,36,Student,
d306fdb7-9009-47a2-8f7a-501eb4a9d0e9,Organic,Converted,07-06-2025,14-03-2025,4736,South,Raj,30-06-2025,Unqualified,Data Analytics,No Follow-up,Facebook Ads,38,Working Professional,
9590df60-716c-4ddf-b89f-e9abb8d37b71,Google Ads,Lost,02-04-2025,02-04-2025,0,South,Priya,,Qualified,Salesforce,Pending Follow-up,Google Ads Campaign,51,Working Professional,
d5eba5db-4205-492f-a3f4-d000d50c932c,Referral,Converted,10-06-2025,31-01-2025,4068,East,Mary,26-01-2025,Qualified,Java Full Stack,Contacted,Google Ads Campaign,58,Student,
2b9ce9d9-1eab-4ace-a377-4d6878af3940,Organic,Converted,04-01-2025,04-05-2025,4504,North,Raj,13-07-2025,Unqualified,Data Analytics,Contacted,Referral Program,42,Student,
e25a690d-e273-4b9d-9dcd-8f043adb2803,Google Ads,Contacted,26-05-2025,27-05-2025,0,North,John,,Qualified,Power BI,Pending Follow-up,Organic Search,67,Student,
1ab65816-0098-43ba-bc6a-607b938f08c2,Google Ads,Contacted,24-06-2025,30-01-2025,0,North,Raj,,Qualified,Data Analytics,Contacted,Google Ads Campaign,66,Fresher,
823b2996-4c09-42f7-8615-3416cf94bfd2,Organic,Converted,05-09-2025,06-08-2025,3832,North,John,02-02-2025,Qualified,Data Analytics,Follow-up Scheduled,Referral Program,45,Student,
d3a1eca6-557d-4374-b03a-a3d4a685129d,Social Media,Lost,26-03-2025,26-03-2025,0,North,Mary,,Unqualified,Power BI,Pending Follow-up,Google Ads Campaign,73,Student,
4eeac773-7f58-4099-b6dd-e1f84c105068,Google Ads,Converted,17-05-2025,04-06-2025,2236,East,John,30-03-2025,Unqualified,Data Analytics,Follow-up Scheduled,Organic Search,49,Working Professional,
62f56a29-7f1b-491c-9c77-df1250e87e28,Organic,Converted,27-09-2025,12-02-2025,2110,North,Priya,16-07-2025,Unqualified,Java Full Stack,No Follow-up,Referral Program,56,Fresher,
7bf0a25a-76fe-49d6-a2c9-e9dfdd5dd6ee,Organic,Lost,29-03-2025,29-03-2025,0,South,Mary,,Qualified,Power BI,Contacted,Organic Search,49,Student,
9a3f4a56-d48d-4970-a840-c5f8ed450c88,Organic,Lost,05-01-2025,05-01-2025,0,North,Raj,,Qualified,Data Analytics,Follow-up Scheduled,Google Ads Campaign,87,Working Professional,
8e6309f0-e51d-4e92-af27-0b87a64b56db,Google Ads,Converted,07-02-2025,08-03-2025,4689,North,Mary,05-01-2025,Qualified,Salesforce,Follow-up Scheduled,Organic Search,60,Working Professional,
602f9971-e821-4188-a084-3482108f3f83,Social Media,Contacted,29-09-2025,11-06-2025,0,South,John,,Unqualified,Power BI,No Follow-up,Google Ads Campaign,46,Working Professional,
13ba4405-db30-42be-a0c0-4c55dca1606e,Referral,Lost,19-01-2025,19-01-2025,0,East,Priya,,Qualified,Salesforce,No Follow-up,Google Ads Campaign,84,Working Professional,
41be0fa6-e563-4bae-a44b-c77b2a5efa8d,Referral,Lost,17-03-2025,17-03-2025,0,North,Raj,,Qualified,Data Analytics,Contacted,Organic Search,62,Student,
e6684325-ee24-4091-9bdf-b2210981b675,Referral,Converted,09-08-2025,11-06-2025,4845,East,Raj,10-05-2025,Qualified,Salesforce,Follow-up Scheduled,Facebook Ads,31,Student,
8581bbce-7f22-4769-9226-1be9284f8520,Organic,Contacted,14-05-2025,04-08-2025,0,East,Mary,,Qualified,Data Analytics,Follow-up Scheduled,Facebook Ads,43,Student,
947e7904-ee65-4542-b4b4-e2c0a817aeec,Referral,Converted,21-03-2025,13-06-2025,2949,East,Priya,21-09-2025,Unqualified,Salesforce,Contacted,Referral Program,78,Working Professional,
31e5a70f-237d-48e4-be43-6e6e820f5a04,Organic,Contacted,02-08-2025,01-02-2025,0,South,John,,Qualified,Power BI,Follow-up Scheduled,Facebook Ads,55,Student,
d0a4b726-23d2-4e15-9d69-9a228f62520f,Google Ads,Converted,17-04-2025,01-05-2025,3184,East,Mary,26-01-2025,Qualified,Salesforce,Follow-up Scheduled,Google Ads Campaign,42,Student,
5a61d6a6-cded-48e3-8251-550cc8124b85,Organic,Contacted,25-07-2025,12-03-2025,0,North,Raj,,Qualified,Java Full Stack,No Follow-up,Facebook Ads,88,Fresher,
9513463d-602f-47b6-989d-df91dd00565d,Social Media,Contacted,17-08-2025,26-02-2025,0,South,Mary,,Unqualified,Power BI,No Follow-up,Organic Search,44,Student,
ab7b161e-14dd-41a3-ad79-5b4fb50c1dff,Google Ads,Converted,27-05-2025,25-06-2025,3166,South,John,02-05-2025,Unqualified,Java Full Stack,No Follow-up,Organic Search,69,Fresher,
de144ff4-b01a-46fe-b18a-a944f297c675,Google Ads,Lost,04-10-2025,04-10-2025,0,East,Raj,,Qualified,Power BI,Contacted,Referral Program,88,Student,
237e4811-ad85-41af-8e39-a706d73e798e,Google Ads,Converted,26-08-2025,19-05-2025,4544,South,Mary,11-06-2025,Unqualified,Data Analytics,Pending Follow-up,Google Ads Campaign,41,Fresher,
8d1082b1-e2ef-40de-94a0-82052c2a042d,Google Ads,Converted,04-07-2025,05-10-2025,3281,East,Mary,27-09-2025,Unqualified,Data Analytics,No Follow-up,Google Ads Campaign,69,Fresher,
2c60e58b-6799-42ca-a0c8-c6993aae0e97,Organic,Contacted,07-02-2025,06-04-2025,0,West,Priya,,Unqualified,Power BI,No Follow-up,Organic Search,36,Fresher,
8097059a-0012-4c82-aae3-56143480f938,Social Media,Converted,01-07-2025,20-04-2025,2057,South,Raj,22-06-2025,Qualified,Java Full Stack,No Follow-up,Organic Search,73,Fresher,
252db2fb-0ccc-42b5-987b-232646bacdf9,Referral,Converted,09-04-2025,07-01-2025,4624,West,Mary,28-09-2025,Qualified,Java Full Stack,Pending Follow-up,Google Ads Campaign,64,Working Professional,
77195bfd-4603-41a8-b26d-f85c0c7534cd,Referral,Converted,05-07-2025,15-07-2025,2978,East,Mary,11-07-2025,Qualified,Power BI,Follow-up Scheduled,Organic Search,70,Fresher,
3d72c2e4-9fd1-4ac5-8641-5259bff9f51f,Referral,Contacted,18-09-2025,30-08-2025,0,North,Raj,,Qualified,Java Full Stack,No Follow-up,Organic Search,57,Fresher,
0feac74e-d78a-4f5e-92b5-7880f71fe72f,Google Ads,Contacted,07-08-2025,29-08-2025,0,North,Raj,,Unqualified,Data Analytics,Contacted,Google Ads Campaign,45,Student,
da991830-246c-47f4-81a2-dc34020fae10,Organic,Converted,29-03-2025,19-06-2025,4628,North,Priya,29-09-2025,Unqualified,Salesforce,No Follow-up,Facebook Ads,74,Working Professional,
cf058e56-9b40-4001-9002-fc438724d829,Social Media,Contacted,23-03-2025,11-02-2025,0,East,Mary,,Qualified,Salesforce,Pending Follow-up,Google Ads Campaign,90,Fresher,
742424e3-7970-4a90-8c47-de3209a4b880,Google Ads,Converted,16-02-2025,19-07-2025,4434,East,Priya,18-01-2025,Qualified,Salesforce,Contacted,Google Ads Campaign,54,Student,
044668fc-1e0f-4225-83f6-4f090f18e2eb,Social Media,Contacted,22-07-2025,20-04-2025,0,East,Priya,,Qualified,Java Full Stack,No Follow-up,Organic Search,51,Fresher,
10ff1f73-0e8f-450f-bbdb-38850f3e1078,Social Media,Lost,20-03-2025,20-03-2025,0,East,Priya,,Qualified,Data Analytics,No Follow-up,Referral Program,65,Fresher,
3a685e45-86ad-4d47-b24d-1a2b0456b34b,Social Media,Converted,25-06-2025,26-03-2025,2841,West,Mary,27-01-2025,Unqualified,Power BI,Follow-up Scheduled,Referral Program,70,Student,
134ef0ab-e301-456e-8109-2f3da5aa3385,Google Ads,Contacted,12-03-2025,19-04-2025,0,East,Mary,,Qualified,Salesforce,No Follow-up,Google Ads Campaign,52,Student,
0e067b61-e1b7-47f8-93b5-d56059962c86,Google Ads,Lost,26-09-2025,26-09-2025,0,West,Raj,,Unqualified,Java Full Stack,No Follow-up,Facebook Ads,91,Student,
d319560b-8441-4d4f-aa92-ca3659c5a6d1,Social Media,Converted,11-05-2025,10-08-2025,3138,South,Raj,20-05-2025,Qualified,Salesforce,Follow-up Scheduled,Google Ads Campaign,48,Working Professional,
ba48f08b-0980-4d5b-bfb5-1bfa76271504,Organic,Converted,26-05-2025,11-02-2025,2947,North,Raj,28-04-2025,Qualified,Data Analytics,Pending Follow-up,Facebook Ads,71,Student,
311c426c-df41-44ce-8f7a-09d72b172513,Social Media,Lost,09-08-2025,09-08-2025,0,South,Raj,,Qualified,Power BI,Pending Follow-up,Referral Program,91,Fresher,
03cd9597-a7cb-4fb7-bbce-02fb999e266d,Organic,Contacted,10-09-2025,14-04-2025,0,West,Mary,,Qualified,Salesforce,No Follow-up,Organic Search,84,Student,
562f8014-5846-41d9-952d-848022aa0ebe,Social Media,Converted,04-07-2025,10-08-2025,2009,West,Mary,27-01-2025,Qualified,Java Full Stack,Contacted,Referral Program,49,Fresher,
4f1e44a9-bc18-406b-b01f-be7d7208946c,Google Ads,Contacted,21-01-2025,11-07-2025,0,East,Mary,,Unqualified,Data Analytics,Contacted,Facebook Ads,31,Fresher,
2064c017-8677-4489-a32d-2a6df2747729,Referral,Lost,07-05-2025,07-05-2025,0,North,Priya,,Qualified,Java Full Stack,Follow-up Scheduled,Organic Search,52,Fresher,
02716414-b3bf-410c-a071-1de0f59c7b9b,Organic,Lost,19-06-2025,19-06-2025,0,East,Raj,,Unqualified,Data Analytics,Pending Follow-up,Organic Search,69,Working Professional,
79c0eb71-9ba1-4199-adac-8dc50429ca55,Social Media,Lost,13-02-2025,13-02-2025,0,West,Raj,,Qualified,Salesforce,Pending Follow-up,Organic Search,91,Student,
03ff9124-750f-4e8f-9431-5370624108b8,Social Media,Converted,03-07-2025,08-07-2025,2183,South,Raj,01-04-2025,Unqualified,Power BI,No Follow-up,Google Ads Campaign,44,Student,
f19484fa-28c7-47d1-bafd-24e2398e35a6,Social Media,Lost,23-01-2025,23-01-2025,0,North,Priya,,Qualified,Power BI,Contacted,Referral Program,38,Fresher,
0b9ff4db-72d0-42b8-b491-78ab2a6fc908,Social Media,Lost,13-04-2025,13-04-2025,0,West,Mary,,Qualified,Java Full Stack,Pending Follow-up,Organic Search,50,Student,
f2647426-d0d6-4e0f-99f1-1a4dcb858965,Social Media,Lost,17-07-2025,17-07-2025,0,West,Mary,,Unqualified,Java Full Stack,Pending Follow-up,Referral Program,58,Working Professional,
c1dcf691-bdd2-4466-8386-c807e98def28,Organic,Converted,20-02-2025,15-02-2025,2480,West,John,23-06-2025,Unqualified,Data Analytics,Follow-up Scheduled,Organic Search,39,Working Professional,
c97b887c-b6d8-4a48-a349-1768e4f3a585,Organic,Lost,31-03-2025,31-03-2025,0,South,Mary,,Qualified,Power BI,Pending Follow-up,Google Ads Campaign,77,Working Professional,
8271b3db-81ed-46f5-afdc-b8d38bb1a2f2,Referral,Contacted,19-09-2025,26-09-2025,0,North,Mary,,Unqualified,Salesforce,Contacted,Referral Program,64,Working Professional,
f7006e6d-13d0-42f6-b991-c3abc2037395,Google Ads,Converted,14-03-2025,06-01-2025,2615,West,John,20-01-2025,Qualified,Salesforce,Follow-up Scheduled,Organic Search,66,Student,
d723ba6c-bfae-477e-98e7-fdcdd0150357,Organic,Contacted,25-04-2025,02-04-2025,0,North,John,,Qualified,Data Analytics,Follow-up Scheduled,Referral Program,50,Student,
ab9a0d16-41dd-4d0f-9a90-11f86cd91325,Organic,Contacted,04-10-2025,12-04-2025,0,West,Priya,,Qualified,Power BI,No Follow-up,Facebook Ads,32,Working Professional,
2163b1a7-e8c0-4cd9-9ef8-b1e0753737eb,Google Ads,Converted,08-03-2025,24-05-2025,4548,North,Mary,05-03-2025,Qualified,Salesforce,Pending Follow-up,Organic Search,63,Student,
d018d6c9-3722-4632-b315-203f18766b4e,Google Ads,Converted,25-04-2025,21-02-2025,4591,West,Raj,09-02-2025,Qualified,Power BI,Contacted,Referral Program,56,Working Professional,
0dd899ad-6891-4964-8b6f-9078c1cd9311,Social Media,Converted,04-08-2025,02-09-2025,4208,South,Priya,19-01-2025,Qualified,Data Analytics,Contacted,Organic Search,94,Student,
37a1a462-17d4-45ae-82b1-748c4414923b,Organic,Converted,14-06-2025,11-10-2025,3115,West,Priya,21-05-2025,Unqualified,Data Analytics,Contacted,Referral Program,57,Working Professional,
bf45a38c-b950-4892-97f6-93897f4de478,Social Media,Lost,06-07-2025,06-07-2025,0,East,Raj,,Unqualified,Salesforce,Pending Follow-up,Facebook Ads,47,Student,
93fe3cad-3a32-4aca-840f-f147f7e8ac06,Referral,Converted,23-07-2025,14-02-2025,4363,North,John,14-05-2025,Qualified,Java Full Stack,Pending Follow-up,Facebook Ads,40,Student,
78f0e130-07f4-4613-96a2-94eabc861acd,Google Ads,Contacted,02-05-2025,19-06-2025,0,North,Mary,,Unqualified,Power BI,No Follow-up,Google Ads Campaign,74,Student,
89b34cc8-6645-4c83-8e62-193eb9780f8c,Referral,Lost,10-06-2025,10-06-2025,0,North,Priya,,Qualified,Power BI,No Follow-up,Facebook Ads,61,Student,
4658a3b9-063f-4a9e-a64f-4eb3a0a9f783,Organic,Converted,11-07-2025,03-05-2025,4505,East,John,23-03-2025,Qualified,Java Full Stack,Pending Follow-up,Google Ads Campaign,47,Working Professional,
a2c14eca-ca7e-42e0-9cf1-78a9f55e5c9d,Referral,Lost,14-01-2025,14-01-2025,0,West,Raj,,Unqualified,Data Analytics,Follow-up Scheduled,Google Ads Campaign,32,Working Professional,
873654cc-ce2a-4a22-b72d-e82f0aaf71db,Organic,Lost,23-08-2025,23-08-2025,0,South,Priya,,Unqualified,Data Analytics,Pending Follow-up,Referral Program,88,Working Professional,
27a88f71-acd8-460b-84fd-4395d5d96c81,Organic,Lost,17-07-2025,17-07-2025,0,West,Priya,,Unqualified,Salesforce,Follow-up Scheduled,Organic Search,74,Student,
bfa7aef8-6ec6-44dd-a9ac-784d6c88a119,Google Ads,Converted,17-03-2025,27-06-2025,3319,West,Mary,23-09-2025,Unqualified,Data Analytics,No Follow-up,Referral Program,80,Working Professional,
fa15da99-73a3-4485-9690-829fa3d59d8d,Organic,Lost,18-09-2025,18-09-2025,0,East,Raj,,Unqualified,Java Full Stack,Follow-up Scheduled,Facebook Ads,78,Student,
a9227143-39c3-490c-98f3-5b9754e4440f,Google Ads,Converted,13-04-2025,27-02-2025,3061,West,Priya,23-05-2025,Unqualified,Java Full Stack,Pending Follow-up,Referral Program,81,Working Professional,
81513966-deab-4ec2-978a-1934e384a128,Google Ads,Converted,12-08-2025,12-03-2025,2225,East,Raj,20-06-2025,Unqualified,Java Full Stack,Contacted,Organic Search,47,Working Professional,
00b74fc9-9b1c-4823-b43a-dc659570a8eb,Organic,Lost,28-09-2025,28-09-2025,0,West,Priya,,Qualified,Power BI,Pending Follow-up,Organic Search,58,Fresher,
365a91e8-ef64-43a2-b2e9-cc4f0bc09b2d,Organic,Contacted,21-09-2025,17-03-2025,0,South,Priya,,Unqualified,Java Full Stack,Contacted,Facebook Ads,76,Fresher,
6c93a5d7-9e80-4a87-8fb2-ad812f8444ee,Social Media,Converted,13-10-2025,17-06-2025,3504,West,Priya,09-06-2025,Qualified,Data Analytics,No Follow-up,Referral Program,48,Working Professional,
7bbf9a26-6b15-4c87-b4fc-e2c3fb475541,Referral,Converted,27-06-2025,31-07-2025,2511,West,Raj,24-09-2025,Unqualified,Salesforce,Pending Follow-up,Organic Search,33,Student,
81da66fe-1cfb-4cb6-9d28-c3a9679893b9,Google Ads,Contacted,23-04-2025,18-04-2025,0,North,Priya,,Unqualified,Salesforce,Pending Follow-up,Referral Program,47,Fresher,
8aff68b9-047a-45ac-823f-a85abbb4263f,Organic,Converted,07-09-2025,17-02-2025,2158,North,Raj,31-01-2025,Unqualified,Power BI,Pending Follow-up,Facebook Ads,90,Student,
9aed7f65-add7-40f8-81b0-231031c25cbc,Social Media,Converted,27-02-2025,14-03-2025,4567,South,Mary,02-04-2025,Unqualified,Data Analytics,Follow-up Scheduled,Google Ads Campaign,85,Working Professional,
bff1adc4-a35d-4c49-9de2-48d465ebede1,Organic,Contacted,16-05-2025,14-04-2025,0,East,Raj,,Qualified,Data Analytics,Contacted,Referral Program,94,Working Professional,
2bf2a3b3-efd0-4e70-831b-d4830aa1ea8a,Referral,Contacted,15-09-2025,18-06-2025,0,South,Raj,,Qualified,Java Full Stack,Pending Follow-up,Facebook Ads,32,Student,
702715ab-50f1-4854-9f33-5f2a71773112,Referral,Contacted,24-07-2025,03-02-2025,0,East,John,,Qualified,Power BI,Contacted,Facebook Ads,79,Student,
115f7abd-d43c-41c4-af81-27757176e47d,Google Ads,Contacted,21-08-2025,29-01-2025,0,East,John,,Qualified,Data Analytics,No Follow-up,Referral Program,43,Working Professional,
3bdb9069-c2ec-4eab-981a-4197abd7864d,Organic,Converted,06-10-2025,01-08-2025,4972,West,Priya,25-09-2025,Unqualified,Data Analytics,Follow-up Scheduled,Facebook Ads,30,Student,
271c8137-971d-46b0-96ed-e8210feb8334,Google Ads,Lost,21-06-2025,21-06-2025,0,East,Mary,,Qualified,Java Full Stack,Follow-up Scheduled,Facebook Ads,83,Student,
f51637b0-f0bc-4f7f-9e92-724a2d492920,Google Ads,Lost,03-04-2025,03-04-2025,0,East,Raj,,Qualified,Java Full Stack,Pending Follow-up,Referral Program,69,Fresher,
e708caf7-6b13-4a84-9891-94163c3be57e,Referral,Lost,04-02-2025,04-02-2025,0,South,John,,Qualified,Java Full Stack,Follow-up Scheduled,Organic Search,58,Working Professional,
d0ca85ec-5778-4fe8-9444-55ccbe3fd37e,Organic,Contacted,02-10-2025,24-08-2025,0,West,Raj,,Unqualified,Java Full Stack,Follow-up Scheduled,Facebook Ads,89,Working Professional,
23afc889-0872-4019-bea0-faec3eb8660e,Social Media,Contacted,14-06-2025,31-05-2025,0,South,Raj,,Unqualified,Salesforce,Contacted,Referral Program,46,Working Professional,
4ad09754-60b9-443c-a269-bc17d7272153,Social Media,Lost,21-07-2025,21-07-2025,0,West,Priya,,Qualified,Power BI,No Follow-up,Google Ads Campaign,77,Student,
32784d7f-c349-4972-a906-d767b7d781ee,Organic,Converted,27-06-2025,09-05-2025,3940,South,Raj,13-04-2025,Qualified,Java Full Stack,Follow-up Scheduled,Referral Program,83,Student,
b5f778cb-1037-4641-891d-7054ca0ab9d6,Social Media,Converted,11-05-2025,16-09-2025,3948,East,Priya,17-08-2025,Unqualified,Data Analytics,Contacted,Organic Search,60,Working Professional,
d715714e-e196-4316-9647-8806357dafdd,Referral,Converted,15-03-2025,04-04-2025,4027,East,John,29-08-2025,Unqualified,Data Analytics,Follow-up Scheduled,Google Ads Campaign,32,Student,
d24f5c5c-6b03-4e58-b917-d428720feca7,Social Media,Converted,18-02-2025,06-10-2025,3638,North,John,20-04-2025,Qualified,Power BI,No Follow-up,Facebook Ads,46,Fresher,
5bdd4c63-7497-4628-a99f-ec8cf79a0377,Organic,Lost,20-08-2025,20-08-2025,0,South,Raj,,Qualified,Data Analytics,Follow-up Scheduled,Facebook Ads,75,Fresher,
d0d99d90-52e4-4989-a276-c10838bd1918,Google Ads,Lost,16-10-2025,16-10-2025,0,West,John,,Unqualified,Data Analytics,Follow-up Scheduled,Organic Search,94,Student,
40496de0-e5fe-4949-ba29-5911f90d036b,Organic,Converted,17-01-2025,20-07-2025,3442,North,John,20-09-2025,Unqualified,Salesforce,Pending Follow-up,Organic Search,51,Working Professional,
39773e65-d091-412f-b0c7-cd209cca0beb,Referral,Contacted,01-02-2025,03-05-2025,0,North,John,,Unqualified,Data Analytics,No Follow-up,Facebook Ads,87,Working Professional,
51f16662-ad49-425d-8f68-ab58da6f9896,Social Media,Contacted,08-01-2025,22-03-2025,0,North,Mary,,Qualified,Salesforce,Contacted,Organic Search,92,Fresher,
3256af96-143c-46a5-b453-9c54bac2d5e3,Referral,Lost,24-01-2025,24-01-2025,0,South,Raj,,Qualified,Power BI,No Follow-up,Organic Search,61,Working Professional,
0cf725c4-27dd-4f2b-9aeb-fcf3add652ac,Google Ads,Converted,31-03-2025,14-09-2025,4905,West,Priya,06-06-2025,Qualified,Power BI,No Follow-up,Facebook Ads,32,Fresher,
a7074d19-8d24-46c8-9fe0-c92580988020,Google Ads,Lost,22-05-2025,22-05-2025,0,South,John,,Unqualified,Power BI,No Follow-up,Referral Program,34,Fresher,
f9fa8c97-83cb-4145-960a-8da9b1d5b65f,Organic,Contacted,10-04-2025,17-09-2025,0,South,Raj,,Qualified,Power BI,Contacted,Facebook Ads,70,Working Professional,
4a688be6-8040-407f-b4c2-b46907346feb,Organic,Converted,14-08-2025,25-02-2025,4734,North,Priya,13-03-2025,Unqualified,Java Full Stack,Contacted,Referral Program,60,Student,
c6ac3765-7362-4c5b-919d-ed90677237fb,Social Media,Converted,23-01-2025,09-09-2025,4296,South,John,15-01-2025,Qualified,Salesforce,No Follow-up,Referral Program,79,Student,
e9d2da49-30e6-486c-825b-24a210698cc7,Google Ads,Contacted,18-05-2025,27-02-2025,0,East,John,,Qualified,Salesforce,No Follow-up,Referral Program,80,Student,
84bd8789-9e63-4cd3-b225-e1d1d2c70237,Google Ads,Contacted,18-02-2025,03-06-2025,0,South,Mary,,Qualified,Salesforce,Contacted,Google Ads Campaign,91,Student,
c4ca3024-d968-4310-8376-356a672d7407,Google Ads,Contacted,09-10-2025,07-09-2025,0,South,Priya,,Unqualified,Power BI,Contacted,Google Ads Campaign,60,Working Professional,
0131e0b7-242b-4fe7-b407-c96a2ec27b51,Organic,Converted,28-06-2025,06-02-2025,2690,North,Raj,13-04-2025,Unqualified,Data Analytics,Contacted,Referral Program,64,Fresher,
246c0cdc-8535-49af-84f3-f7e04a4472d5,Social Media,Lost,20-03-2025,20-03-2025,0,East,John,,Qualified,Power BI,Follow-up Scheduled,Facebook Ads,31,Student,
39980f23-dfa7-43ac-a586-8bd148edfafe,Google Ads,Converted,02-04-2025,15-01-2025,3502,West,Priya,06-07-2025,Unqualified,Power BI,Contacted,Facebook Ads,61,Fresher,
9034ea9e-fd7e-4b95-90bc-d58607900225,Social Media,Lost,07-02-2025,07-02-2025,0,South,John,,Unqualified,Power BI,Follow-up Scheduled,Organic Search,93,Fresher,
af232fb9-c0df-469b-be49-05869ce1ab0f,Organic,Converted,11-07-2025,04-05-2025,2117,East,Mary,07-01-2025,Unqualified,Data Analytics,Follow-up Scheduled,Organic Search,41,Student,
ab6f68cd-2a88-4602-85ff-ee1a3731f5aa,Social Media,Converted,16-07-2025,18-05-2025,3234,South,Raj,24-07-2025,Qualified,Java Full Stack,Pending Follow-up,Google Ads Campaign,34,Working Professional,
7b97efff-a6c2-4249-a6b6-4fa0305bd98c,Social Media,Lost,28-06-2025,28-06-2025,0,East,Mary,,Qualified,Data Analytics,No Follow-up,Referral Program,87,Working Professional,
8c81f59d-cb23-4163-8a7e-3066b6037ec3,Referral,Contacted,13-06-2025,27-04-2025,0,South,Mary,,Unqualified,Java Full Stack,No Follow-up,Google Ads Campaign,94,Fresher,
6533dcc4-e2a7-4fe9-89cc-b1b83a9f8a36,Social Media,Converted,07-04-2025,24-05-2025,2449,East,Mary,12-08-2025,Qualified,Data Analytics,Pending Follow-up,Organic Search,64,Student,
98d55742-37c6-4390-87ec-617de63be054,Google Ads,Converted,24-09-2025,27-02-2025,2657,West,Mary,10-05-2025,Unqualified,Power BI,Contacted,Google Ads Campaign,64,Fresher,
7b8974a4-e7f2-443c-96ae-3a6898702ab4,Organic,Lost,22-01-2025,22-01-2025,0,West,John,,Qualified,Java Full Stack,Pending Follow-up,Google Ads Campaign,33,Student,
08363d09-5176-4fa9-a2aa-10f6f1d11d2d,Referral,Lost,21-07-2025,21-07-2025,0,South,John,,Qualified,Data Analytics,Contacted,Organic Search,53,Student,
e1fbcbcd-c9c7-4442-b678-91f18651598a,Google Ads,Converted,29-09-2025,10-07-2025,3529,South,Mary,09-04-2025,Qualified,Java Full Stack,Contacted,Google Ads Campaign,38,Fresher,
ebe23c0d-50af-443c-8487-576057e50f21,Referral,Lost,13-10-2025,13-10-2025,0,North,Priya,,Unqualified,Power BI,Pending Follow-up,Referral Program,76,Fresher,
36b866d6-2c80-4ea7-8533-0f99cf660f37,Google Ads,Converted,28-07-2025,31-03-2025,4422,West,John,31-07-2025,Unqualified,Salesforce,Pending Follow-up,Referral Program,40,Fresher,
8038ed2e-ba32-4256-9eb3-c52efc300ea1,Google Ads,Contacted,19-09-2025,02-03-2025,0,North,Raj,,Unqualified,Java Full Stack,Pending Follow-up,Google Ads Campaign,35,Fresher,
e1dcc406-21a7-4228-a1a7-6793075425dc,Google Ads,Contacted,28-04-2025,15-06-2025,0,East,Raj,,Qualified,Power BI,Follow-up Scheduled,Facebook Ads,87,Student,
7b44c3bc-baf9-4199-bf12-b51f44816f04,Organic,Converted,18-01-2025,03-01-2025,4336,West,Raj,22-07-2025,Qualified,Power BI,No Follow-up,Facebook Ads,41,Working Professional,
f1acbda2-2db3-47ac-b773-178df0dcd8e0,Organic,Lost,07-03-2025,07-03-2025,0,West,Raj,,Unqualified,Java Full Stack,No Follow-up,Google Ads Campaign,91,Student,
8416ace1-8f82-4a96-9504-49cdd6e0fa36,Referral,Lost,09-10-2025,09-10-2025,0,North,Mary,,Qualified,Power BI,Follow-up Scheduled,Google Ads Campaign,47,Student,
529ddaf1-1376-4a6c-9a2e-b3343b9034cd,Organic,Lost,10-05-2025,10-05-2025,0,West,Priya,,Unqualified,Salesforce,Follow-up Scheduled,Referral Program,91,Working Professional,
12e94d87-181f-4aaf-9b93-3340256fbef0,Organic,Contacted,04-05-2025,31-01-2025,0,North,Priya,,Qualified,Power BI,Follow-up Scheduled,Organic Search,69,Working Professional,
29586a21-1b14-4400-8464-58108cdade64,Organic,Converted,27-06-2025,14-10-2025,3031,South,Priya,01-04-2025,Qualified,Power BI,No Follow-up,Organic Search,44,Student,
82628e5c-4996-4376-b68f-d70d87bed6af,Referral,Lost,04-09-2025,04-09-2025,0,North,Raj,,Unqualified,Java Full Stack,Follow-up Scheduled,Organic Search,50,Working Professional,
da33a5a3-e819-4e89-b306-e8478112c265,Organic,Lost,12-05-2025,12-05-2025,0,East,Priya,,Unqualified,Salesforce,No Follow-up,Organic Search,31,Student,
192f26b8-bf85-46a1-a5d7-6ee8a98e1541,Google Ads,Contacted,06-06-2025,11-03-2025,0,South,Priya,,Qualified,Salesforce,Follow-up Scheduled,Google Ads Campaign,91,Working Professional,
fdcdd052-845c-43c7-aa8b-3145ed543306,Referral,Converted,19-09-2025,09-02-2025,3988,North,John,10-10-2025,Qualified,Power BI,Contacted,Facebook Ads,62,Fresher,
30419034-5962-4b4a-a4ae-4a490079a43f,Social Media,Lost,06-01-2025,06-01-2025,0,East,Raj,,Qualified,Data Analytics,Pending Follow-up,Organic Search,40,Fresher,
91f4778f-ee0f-4c97-9395-6e0b9969028d,Referral,Converted,12-07-2025,10-01-2025,3651,West,Mary,22-09-2025,Unqualified,Salesforce,Follow-up Scheduled,Referral Program,35,Student,
035dd3e0-a631-451a-933d-f3acdaf4cf27,Social Media,Contacted,24-07-2025,21-03-2025,0,South,John,,Qualified,Data Analytics,No Follow-up,Organic Search,48,Working Professional,
42b18dbf-a66b-42f5-b864-77df174b6c8c,Organic,Converted,23-05-2025,09-07-2025,4172,East,Mary,18-07-2025,Unqualified,Salesforce,No Follow-up,Organic Search,46,Fresher,
ab5a9a9a-6c59-460e-8cf3-09677ed34ed4,Referral,Converted,07-04-2025,10-07-2025,3922,North,Raj,03-07-2025,Unqualified,Salesforce,No Follow-up,Facebook Ads,87,Fresher,
3f317a26-ac87-43a8-bcdd-03e06e074927,Social Media,Converted,03-06-2025,07-02-2025,3459,South,Raj,25-03-2025,Qualified,Java Full Stack,Follow-up Scheduled,Referral Program,49,Working Professional,
b2911b52-971e-48be-bc9e-b52f913c93ab,Organic,Contacted,06-09-2025,31-03-2025,0,North,Raj,,Unqualified,Power BI,No Follow-up,Google Ads Campaign,94,Student,
43b6e025-3ab3-4cf4-a18e-af422a02f1de,Referral,Lost,13-03-2025,13-03-2025,0,North,Priya,,Qualified,Power BI,Follow-up Scheduled,Referral Program,87,Student,
15de7a1c-4a58-4fdc-9ace-c5439f3bf798,Referral,Contacted,11-01-2025,07-05-2025,0,West,John,,Qualified,Data Analytics,Follow-up Scheduled,Organic Search,67,Student,
f7833a81-c19c-41c8-97c7-d6b3bcd4f1e4,Organic,Lost,27-06-2025,27-06-2025,0,North,Priya,,Unqualified,Data Analytics,Contacted,Organic Search,89,Working Professional,
0cbc0030-f70f-48fe-a352-53aa85c67bc1,Social Media,Lost,20-08-2025,20-08-2025,0,West,Mary,,Unqualified,Salesforce,Contacted,Google Ads Campaign,59,Student,
7d0f25d3-b438-4c9f-868f-3fdd2254692d,Organic,Lost,19-08-2025,19-08-2025,0,West,Mary,,Qualified,Java Full Stack,No Follow-up,Organic Search,59,Working Professional,
f17d4508-5214-4b0e-a5fb-d043932a7b82,Google Ads,Contacted,15-09-2025,28-09-2025,0,South,John,,Qualified,Java Full Stack,Contacted,Google Ads Campaign,44,Fresher,
affd4dc5-b435-434d-85ce-90df03ef34b2,Social Media,Contacted,25-05-2025,25-07-2025,0,East,Mary,,Qualified,Power BI,Pending Follow-up,Referral Program,42,Fresher,
462bd94f-2e30-43fa-a657-3dd1a12b6a14,Referral,Contacted,27-05-2025,11-09-2025,0,North,Priya,,Unqualified,Java Full Stack,No Follow-up,Organic Search,50,Working Professional,
2a08270c-f517-487e-aec1-352369998643,Social Media,Lost,30-01-2025,30-01-2025,0,South,Priya,,Qualified,Data Analytics,No Follow-up,Organic Search,87,Fresher,
081fc11b-0f63-4e42-a28e-c4d2058b5dfb,Organic,Converted,22-03-2025,24-06-2025,4991,West,Raj,07-02-2025,Unqualified,Data Analytics,Follow-up Scheduled,Facebook Ads,75,Working Professional,
d55e66ba-418b-4c03-a933-4d6f786f92ab,Organic,Contacted,15-05-2025,17-04-2025,0,West,Raj,,Unqualified,Java Full Stack,Follow-up Scheduled,Facebook Ads,38,Working Professional,
8c7f5cf3-673e-40d5-ae65-556bdea800ec,Social Media,Contacted,04-09-2025,27-04-2025,0,East,Raj,,Unqualified,Data Analytics,Contacted,Google Ads Campaign,44,Student,
2f2d757a-21a2-4458-9b84-65b92fc21127,Organic,Contacted,02-06-2025,10-06-2025,0,South,Mary,,Qualified,Salesforce,Contacted,Google Ads Campaign,64,Student,
5c984a87-2059-4f4c-ac45-69c6c95978cf,Social Media,Contacted,25-09-2025,16-09-2025,0,North,Priya,,Unqualified,Power BI,No Follow-up,Facebook Ads,33,Fresher,
dda14775-a632-4c2c-82bf-d0aa58e61ceb,Organic,Contacted,24-03-2025,06-10-2025,0,West,Mary,,Qualified,Data Analytics,Pending Follow-up,Referral Program,40,Fresher,
f36662c9-34f5-4b5b-823f-166d57ffaae4,Referral,Contacted,07-06-2025,12-04-2025,0,West,John,,Qualified,Java Full Stack,Contacted,Organic Search,91,Student,
3027b670-5226-45db-8525-eb97232bf8b9,Social Media,Lost,28-03-2025,28-03-2025,0,North,Mary,,Unqualified,Java Full Stack,Follow-up Scheduled,Referral Program,59,Fresher,
c0c37eca-10d0-4480-8611-282da9e1ec29,Organic,Contacted,26-09-2025,13-04-2025,0,West,Mary,,Unqualified,Java Full Stack,Pending Follow-up,Facebook Ads,78,Student,
7faaf245-7c7b-4e77-8d5e-b88dc79bf29d,Social Media,Contacted,17-06-2025,13-09-2025,0,North,Mary,,Unqualified,Java Full Stack,Contacted,Facebook Ads,33,Fresher,
6cbd3557-7056-45ef-a84b-3788f27681f4,Social Media,Lost,23-07-2025,23-07-2025,0,West,Priya,,Qualified,Salesforce,Contacted,Facebook Ads,75,Student,
97edc3b3-0b13-4ef8-8a7a-f78ea8fd34fa,Referral,Contacted,10-05-2025,15-08-2025,0,East,Raj,,Qualified,Data Analytics,Contacted,Facebook Ads,65,Student,
7c9a7315-067e-4374-b32d-b0c26f3fb688,Social Media,Lost,11-10-2025,11-10-2025,0,South,John,,Unqualified,Java Full Stack,Follow-up Scheduled,Google Ads Campaign,57,Working Professional,
93186520-e565-49ec-ba04-5d04d292eb21,Organic,Lost,30-06-2025,30-06-2025,0,North,Raj,,Qualified,Java Full Stack,No Follow-up,Organic Search,32,Fresher,
41d3f28a-46a7-4ac5-acd6-078612956fbb,Google Ads,Contacted,10-03-2025,04-10-2025,0,South,John,,Qualified,Salesforce,Follow-up Scheduled,Facebook Ads,32,Working Professional,
86d89028-eedd-4c90-9994-88d22079d0a3,Referral,Contacted,23-02-2025,09-02-2025,0,North,Raj,,Unqualified,Power BI,No Follow-up,Facebook Ads,53,Student,
32962577-b0da-4fb7-b151-f72578bacb46,Social Media,Lost,23-02-2025,23-02-2025,0,East,Priya,,Unqualified,Salesforce,Pending Follow-up,Google Ads Campaign,72,Fresher,
3a916b44-662c-466c-ad76-f6531d09b33c,Referral,Lost,05-01-2025,05-01-2025,0,North,Priya,,Unqualified,Power BI,Pending Follow-up,Facebook Ads,73,Fresher,
4c4f5517-0776-4b0f-a45f-bcbf4a0bc8f5,Organic,Converted,13-08-2025,13-05-2025,4225,North,John,08-06-2025,Unqualified,Data Analytics,Pending Follow-up,Referral Program,54,Student,
b458111c-0628-4749-88bb-cd683c47a47b,Social Media,Converted,07-08-2025,12-08-2025,4008,North,Raj,11-02-2025,Qualified,Java Full Stack,Follow-up Scheduled,Organic Search,92,Student,
99b4c691-fd17-42c9-b72c-4563aad42655,Social Media,Contacted,09-05-2025,15-08-2025,0,West,Mary,,Qualified,Salesforce,Pending Follow-up,Referral Program,61,Fresher,
55f3fd4f-1efe-450b-9819-3cf08fd3fce5,Organic,Contacted,04-09-2025,18-03-2025,0,South,Priya,,Unqualified,Data Analytics,Follow-up Scheduled,Referral Program,73,Student,
d656e07e-9e07-4bd9-807c-169371d50cde,Referral,Converted,06-07-2025,24-05-2025,2701,North,John,30-09-2025,Qualified,Data Analytics,Follow-up Scheduled,Facebook Ads,36,Fresher,
b1b10e1b-5da0-4142-abff-07feb0cf6c51,Social Media,Contacted,14-08-2025,04-10-2025,0,East,Priya,,Qualified,Data Analytics,Follow-up Scheduled,Referral Program,68,Working Professional,
acfa60e3-0721-4c03-aa44-dd790fdd56dd,Organic,Converted,23-02-2025,28-05-2025,4384,West,Priya,02-08-2025,Unqualified,Data Analytics,No Follow-up,Organic Search,75,Working Professional,
0b429a86-17f7-4807-8531-ab0bd737982c,Social Media,Converted,11-10-2025,09-06-2025,3744,South,Mary,21-03-2025,Unqualified,Power BI,Pending Follow-up,Referral Program,46,Fresher,
9a3c7af7-f069-40ee-9717-2474c34834d3,Google Ads,Lost,09-10-2025,09-10-2025,0,South,Priya,,Qualified,Salesforce,Follow-up Scheduled,Organic Search,84,Working Professional,
cb742cec-e38e-4b9a-8f46-f791f8a6dfff,Google Ads,Converted,23-04-2025,15-07-2025,2111,South,Mary,10-09-2025,Unqualified,Data Analytics,Follow-up Scheduled,Referral Program,52,Student,
f58f1839-c644-4d9e-b8b9-a5a5c07aecaf,Social Media,Contacted,24-03-2025,03-05-2025,0,North,Priya,,Unqualified,Data Analytics,Contacted,Facebook Ads,50,Fresher,
b0fdba88-f66e-44a9-864e-7cd2af4784fe,Google Ads,Contacted,05-01-2025,18-01-2025,0,North,Priya,,Qualified,Data Analytics,Follow-up Scheduled,Organic Search,80,Student,
e6804d8f-e2c0-4627-b4be-8ceba00baabb,Social Media,Contacted,08-03-2025,04-07-2025,0,East,Mary,,Qualified,Salesforce,Pending Follow-up,Facebook Ads,56,Student,
d339145b-b06e-47d8-8034-6fd41321673e,Organic,Contacted,14-10-2025,11-08-2025,0,West,Priya,,Unqualified,Power BI,Contacted,Organic Search,94,Fresher,
22eb6dbc-cd76-4b18-980d-1b9606c606e7,Google Ads,Converted,02-04-2025,09-06-2025,4085,North,Priya,28-04-2025,Qualified,Java Full Stack,Contacted,Facebook Ads,59,Fresher,
21ecaefe-a0f9-4cc4-b144-88272f08fa2e,Organic,Lost,11-06-2025,11-06-2025,0,South,Mary,,Qualified,Salesforce,No Follow-up,Facebook Ads,60,Fresher,
355077e5-e6f8-4758-afce-f8e63208c968,Social Media,Contacted,13-08-2025,23-06-2025,0,West,Raj,,Qualified,Salesforce,Follow-up Scheduled,Organic Search,91,Fresher,
6d3b5ddf-2611-459f-86bb-18b9480688b9,Google Ads,Converted,04-07-2025,10-01-2025,4943,East,Raj,08-08-2025,Qualified,Java Full Stack,Contacted,Referral Program,61,Student,
2df1469c-1636-4ce1-8719-6f98f29a9b9f,Social Media,Converted,15-07-2025,28-07-2025,4649,West,Raj,15-01-2025,Qualified,Data Analytics,Follow-up Scheduled,Google Ads Campaign,79,Working Professional,
0e77889d-1e39-4404-99aa-e3b021ba7fd9,Referral,Converted,08-08-2025,12-02-2025,2417,East,Mary,12-03-2025,Unqualified,Data Analytics,Pending Follow-up,Facebook Ads,66,Student,
9219d17c-d4ed-46b9-bed6-42209209bfe0,Organic,Contacted,02-04-2025,20-08-2025,0,West,Raj,,Unqualified,Salesforce,No Follow-up,Organic Search,30,Fresher,
d6d95564-edd9-4408-9d8d-bea00ea66975,Referral,Contacted,09-06-2025,23-03-2025,0,South,Priya,,Unqualified,Java Full Stack,No Follow-up,Organic Search,39,Fresher,
4b2b5ecb-502e-432c-80e6-c2c701e9e288,Referral,Converted,15-07-2025,12-08-2025,2332,East,Priya,14-10-2025,Unqualified,Salesforce,No Follow-up,Google Ads Campaign,67,Fresher,
8201a42c-17ce-4f88-92be-1d0f3d6d9ff0,Referral,Converted,28-04-2025,02-02-2025,4438,North,Raj,24-04-2025,Qualified,Power BI,Pending Follow-up,Organic Search,44,Working Professional,
5dc49df8-e823-4a56-b005-94cf03249719,Referral,Converted,21-07-2025,29-06-2025,3300,North,Mary,25-04-2025,Unqualified,Salesforce,Follow-up Scheduled,Organic Search,58,Student,
d6b56eea-4fe8-446a-b39c-15f3b5b24c5e,Google Ads,Lost,10-09-2025,10-09-2025,0,West,Raj,,Unqualified,Power BI,Pending Follow-up,Referral Program,58,Student,
5c73df2a-1608-4800-952b-a9adb0b5df4d,Referral,Converted,06-07-2025,17-09-2025,2284,East,Raj,06-04-2025,Qualified,Salesforce,Follow-up Scheduled,Facebook Ads,33,Student,
bc80b0f3-8690-42f0-89d9-ffcbf7ad7908,Referral,Contacted,05-02-2025,19-07-2025,0,North,Raj,,Qualified,Java Full Stack,Follow-up Scheduled,Organic Search,32,Fresher,
0fe09c51-deeb-475e-83cf-9fead5925489,Referral,Contacted,14-03-2025,12-05-2025,0,West,Raj,,Qualified,Power BI,No Follow-up,Organic Search,36,Fresher,
7e60cf59-dd94-4718-bf7d-e68b17acd442,Organic,Contacted,03-02-2025,07-01-2025,0,South,Priya,,Unqualified,Data Analytics,Pending Follow-up,Google Ads Campaign,78,Fresher,
